,timestamp,timezone,humidity,pm_2_5,pm_2_5_sp,temperature
0,8/15/2021 7:00,Asia/Bangkok,82.63375054,29.24242424,,28.39210186
1,8/16/2021 7:00,Asia/Bangkok,87.8453533,19.43290548,,26.64427803
2,8/17/2021 7:00,Asia/Bangkok,90.98071809,13.29324324,,26.29933511
3,8/18/2021 7:00,Asia/Bangkok,77.26129032,15.16304348,,28.29689367
4,8/19/2021 7:00,Asia/Bangkok,78.80703125,7.994887928,,27.96902344
5,8/20/2021 7:00,Asia/Bangkok,81.79079875,9.832737386,,27.5032498
6,8/21/2021 7:00,Asia/Bangkok,84.59847716,11.27990525,,26.8552909
7,8/22/2021 7:00,Asia/Bangkok,83.27495682,11.97236842,,27.40094991
8,8/23/2021 7:00,Asia/Bangkok,75.18957623,7.357037764,,27.96078909
9,8/24/2021 7:00,Asia/Bangkok,75.86038103,7.196070727,,28.42943235
10,8/25/2021 7:00,Asia/Bangkok,78.26721484,9.834989354,,27.4130161
11,8/26/2021 7:00,Asia/Bangkok,74.61245661,7.374414977,,27.90940995
12,8/27/2021 7:00,Asia/Bangkok,75.13501509,8.201567262,,28.18171626
13,8/28/2021 7:00,Asia/Bangkok,77.92898551,5.432762836,,27.73091787
14,8/29/2021 7:00,Asia/Bangkok,75.33372037,12.92805755,,25.98432511
15,8/30/2021 7:00,Asia/Bangkok,77.03909055,15.59541985,,26.72018349
16,8/31/2021 7:00,Asia/Bangkok,74.50527383,10.55932203,,26.15427992
17,9/1/2021 7:00,Asia/Bangkok,69.81615702,2.5,,25.39677686
18,9/2/2021 7:00,Asia/Bangkok,68.12794521,1.734042553,,26.39068493
19,9/3/2021 7:00,Asia/Bangkok,68.24829545,2.556390977,,25.56899351
20,9/4/2021 7:00,Asia/Bangkok,69.38536786,21.56428571,,25.95006165
21,9/5/2021 7:00,Asia/Bangkok,70.52570545,9.811320755,,26.68608427
22,9/6/2021 7:00,Asia/Bangkok,68.74623921,5.046357616,,26.51722154
23,9/7/2021 7:00,Asia/Bangkok,62.29412724,6.791666667,,28.58450245
24,9/11/2021 7:00,Asia/Bangkok,88.32568449,9.027107475,,26.67509778
25,9/12/2021 7:00,Asia/Bangkok,81.51533597,18.60679072,,28.35731225
26,9/13/2021 7:00,Asia/Bangkok,81.22428331,9.588671318,,27.99822934
27,9/14/2021 7:00,Asia/Bangkok,83.20181185,11.87141443,,27.15902439
28,9/15/2021 7:00,Asia/Bangkok,79.89633234,11.3143112,,28.21459581
29,9/16/2021 7:00,Asia/Bangkok,84.68912228,12.53483963,,27.0735934
30,9/17/2021 7:00,Asia/Bangkok,83.12524128,27.901427,,28.05144766
31,9/18/2021 7:00,Asia/Bangkok,87.51982049,34.33434821,,26.89887809
32,9/19/2021 7:00,Asia/Bangkok,77.48809524,21.82251161,,28.55662202
33,9/20/2021 7:00,Asia/Bangkok,84.70756369,12.78047346,,27.45812102
34,9/21/2021 7:00,Asia/Bangkok,78.80748503,7.340195709,,27.74079341
35,9/22/2021 7:00,Asia/Bangkok,82.87531788,9.876806203,,27.25160808
36,9/23/2021 7:00,Asia/Bangkok,80.67809452,11.3966345,,28.06594149
37,9/24/2021 7:00,Asia/Bangkok,82.21171171,21.69604065,,28.27154655
38,9/25/2021 7:00,Asia/Bangkok,80.27545817,29.79841968,,28.80645418
39,9/26/2021 7:00,Asia/Bangkok,88.42342342,10.64362856,,26.4231982
40,9/27/2021 7:00,Asia/Bangkok,86.14134328,7.493499131,,27.17776119
41,9/28/2021 7:00,Asia/Bangkok,84.84588897,4.106360625,,27.55657063
42,9/29/2021 7:00,Asia/Bangkok,80.24088359,18.4580414,,28.72706872
43,9/30/2021 7:00,Asia/Bangkok,84.7487218,16.83393072,,27.90195489
44,10/1/2021 7:00,Asia/Bangkok,82.37515106,11.47869034,,28.5276435
45,10/2/2021 7:00,Asia/Bangkok,78.44967897,10.7366219,,28.41276083
46,10/3/2021 7:00,Asia/Bangkok,78.78059925,22.54036296,,29.00337079
47,10/4/2021 7:00,Asia/Bangkok,83.78928571,14.3136246,,28.37559524
48,10/5/2021 7:00,Asia/Bangkok,88.45100521,16.55180504,,27.09672375
49,10/6/2021 7:00,Asia/Bangkok,84.87969188,14.57215229,,27.05840336
50,10/7/2021 7:00,Asia/Bangkok,85.05498512,6.88165908,,26.91034226
51,10/8/2021 7:00,Asia/Bangkok,86.19738924,4.736168082,,26.75142405
52,10/9/2021 7:00,Asia/Bangkok,80.18664286,12.31038897,,28.24507143
53,10/10/2021 7:00,Asia/Bangkok,73.69555723,10.28513613,,29.14375
54,10/11/2021 7:00,Asia/Bangkok,74.1497006,8.931216256,,29.12133234
55,10/12/2021 7:00,Asia/Bangkok,69.45592748,16.63863515,,30.05411437
56,10/13/2021 7:00,Asia/Bangkok,65.34925484,14.36458551,,30.09083458
57,10/14/2021 7:00,Asia/Bangkok,65.75364388,8.421696689,,30.06378663
58,10/15/2021 7:00,Asia/Bangkok,71.61888654,22.05538501,,29.71571529
59,10/16/2021 7:00,Asia/Bangkok,73.48427362,20.14278837,,30.04104372
60,10/17/2021 7:00,Asia/Bangkok,77.94106517,19.73289367,,29.08556412
61,10/18/2021 7:00,Asia/Bangkok,85.97241107,6.528542504,,27.403083
62,10/19/2021 7:00,Asia/Bangkok,82.81686747,11.39471637,,28.51310241
63,10/20/2021 7:00,Asia/Bangkok,87.26779661,2.640378213,,27.9
64,12/2/2021 7:00,Asia/Bangkok,62.76185934,1.100546448,1.100546448,27.73195628
65,12/3/2021 7:00,Asia/Bangkok,62.32318992,3.198887344,3.198887344,27.62733658
66,12/4/2021 7:00,Asia/Bangkok,62.60416975,7.996219282,7.996219282,27.30232514
67,12/10/2021 7:00,Asia/Bangkok,62.09544211,19.52631579,19.52631579,26.79052632
68,12/16/2021 7:00,Asia/Bangkok,56.2028,39,45.66666667,27.15666667
69,1/12/2022 7:00,Asia/Bangkok,62.75136238,23.74348856,24.68769716,28.98571767
70,1/13/2022 7:00,Asia/Bangkok,60.98251911,21.59495445,23.22585129,28.35790827
71,1/14/2022 7:00,Asia/Bangkok,61.13995711,27.31868898,29.43793584,28.03771967
72,1/15/2022 7:00,Asia/Bangkok,59.1385199,28.82160279,32.31941545,28.36223382
73,1/16/2022 7:00,Asia/Bangkok,58.62333904,24.64295676,26.83785665,27.83168406
74,1/17/2022 7:00,Asia/Bangkok,61.10480097,21.79805014,23.20125348,28.2518663
75,1/18/2022 7:00,Asia/Bangkok,63.63274397,29.50348675,32.78815331,28.93241812
76,1/19/2022 7:00,Asia/Bangkok,65.36148714,36.33988355,42.76017442,28.71846657
77,1/20/2022 7:00,Asia/Bangkok,63.04928959,31.84895833,36.68104089,29.0449368
78,1/21/2022 7:00,Asia/Bangkok,63.24714264,26.64195804,30.12212142,29.10269365
79,1/22/2022 7:00,Asia/Bangkok,68.88721456,27.64011181,31.22299652,28.43191638
80,1/23/2022 7:00,Asia/Bangkok,67.63461378,28.90048713,32.6506611,28.76380654
81,1/24/2022 7:00,Asia/Bangkok,66.16839324,28.39121339,32.61463415,29.12751916
82,1/25/2022 7:00,Asia/Bangkok,64.45829206,28.32588974,31.44289694,29.38405989
83,1/26/2022 7:00,Asia/Bangkok,62.50209819,28.42887029,32.66504178,29.60939415
84,1/27/2022 7:00,Asia/Bangkok,62.45546727,34.5726257,41.3816156,29.77444986
85,1/28/2022 7:00,Asia/Bangkok,65.20369826,41.07724719,52.36977716,29.32900418
86,1/29/2022 7:00,Asia/Bangkok,66.25020084,40.74471086,53.51462396,29.51130919
87,1/30/2022 7:00,Asia/Bangkok,60.5364322,35.3630662,41.9533101,30.75943554
88,1/31/2022 7:00,Asia/Bangkok,62.7942438,33.58525689,40.95174462,30.26178916
89,2/1/2022 7:00,Asia/Bangkok,63.95620786,35.26047486,42.54558107,29.62209464
90,2/2/2022 7:00,Asia/Bangkok,61.78070202,28.23438596,32.3261324,29.51598606
91,2/3/2022 7:00,Asia/Bangkok,63.08797087,15.33031359,16.28222997,29.73056446
92,2/4/2022 7:00,Asia/Bangkok,66.11124659,22.55969101,25.48328691,29.06889276
93,2/5/2022 7:00,Asia/Bangkok,61.19571856,20.66201117,22.24284717,30.02194696
94,2/6/2022 7:00,Asia/Bangkok,60.95010816,13.93491952,14.9888424,29.56874477
95,2/7/2022 7:00,Asia/Bangkok,64.55620717,20.87534819,21.76114206,29.57766017
96,2/8/2022 7:00,Asia/Bangkok,65.69060725,20.97557572,21.74825662,29.69919107
97,2/9/2022 7:00,Asia/Bangkok,63.24668787,33.18640505,38.54076655,30.16886411
98,2/10/2022 7:00,Asia/Bangkok,73.14949701,28.89028651,32.6183844,28.49488162
99,2/11/2022 7:00,Asia/Bangkok,64.49306513,29.85953878,33.77266388,29.56642957
100,2/12/2022 7:00,Asia/Bangkok,73.20606114,28.41562064,31.51253482,27.87542479
101,2/13/2022 7:00,Asia/Bangkok,67.42303103,18.40655509,18.78172943,29.285
102,2/14/2022 7:00,Asia/Bangkok,68.07936409,22.47662247,23.74686192,28.75623431
103,2/15/2022 7:00,Asia/Bangkok,67.42245515,16.97234352,18.3838897,29.37992743
104,2/16/2022 7:00,Asia/Bangkok,78.49015035,15.18627451,17.1678273,27.52704735
105,2/17/2022 7:00,Asia/Bangkok,76.46395654,20.86856745,21.82267038,28.12586231
106,2/18/2022 7:00,Asia/Bangkok,82.57673903,28.40990991,32.81561338,26.03699628
107,2/19/2022 7:00,Asia/Bangkok,79.25254327,15.14114326,15.78153629,27.01551092
108,2/20/2022 7:00,Asia/Bangkok,71.01656628,18.23093842,18.53445748,29.6488563
109,2/21/2022 7:00,Asia/Bangkok,69.4964,15.06470588,15.27352941,29.32029412
110,2/22/2022 7:00,Asia/Bangkok,69.88431702,26.63308271,29.80734633,29.23107196
111,2/23/2022 7:00,Asia/Bangkok,66.46498454,18.99930362,19.56754875,30.0168454
112,2/24/2022 7:00,Asia/Bangkok,72.38281038,17.99581882,20.41225627,28.35293175
113,2/25/2022 7:00,Asia/Bangkok,72.40690021,36.45923345,45.45644599,28.16474564
114,2/26/2022 7:00,Asia/Bangkok,80.39394704,45.10260014,60.63205575,26.74818815
115,2/27/2022 7:00,Asia/Bangkok,84.35233065,32.74255952,38.68824405,26.18560268
116,2/28/2022 7:00,Asia/Bangkok,81.1631142,20,21.44119694,26.74751566
117,3/1/2022 7:00,Asia/Bangkok,64.13968503,13.46550523,13.84470752,29.58305014
118,3/2/2022 7:00,Asia/Bangkok,61.62831537,14.00668648,14.26280624,30.09747587
119,3/3/2022 7:00,Asia/Bangkok,63.33624854,17.35097493,17.5856546,30.38885794
120,3/4/2022 7:00,Asia/Bangkok,64.64013937,18.66875872,19.17491289,30.28402787
121,3/5/2022 7:00,Asia/Bangkok,69.0586639,26.82648084,28.58466899,29.81370035
122,3/6/2022 7:00,Asia/Bangkok,67.15626602,33.51986063,38.48746518,30.00279944
123,3/7/2022 7:00,Asia/Bangkok,75.20335501,31.10111576,34.23816156,28.81438022
124,3/8/2022 7:00,Asia/Bangkok,66.14899993,32.59820762,37.6733631,30.76841518
125,3/9/2022 7:00,Asia/Bangkok,80.99432618,17.25696379,18.83774373,27.01529944
126,3/10/2022 7:00,Asia/Bangkok,63.84629386,20.05509066,20.83542538,29.68419107
127,3/11/2022 7:00,Asia/Bangkok,66.84668481,29.65226481,32.39233449,29.98754704
128,3/12/2022 7:00,Asia/Bangkok,68.43714091,39.11382682,48.95261324,30.2170453
129,3/13/2022 7:00,Asia/Bangkok,68.75190411,41.78033473,52.71498258,30.35551916
130,3/14/2022 7:00,Asia/Bangkok,66.39742545,44.79050279,58.70223152,31.00225244
131,3/15/2022 7:00,Asia/Bangkok,66.21606334,16.3804878,17.77560976,30.28797213
132,3/16/2022 7:00,Asia/Bangkok,64.76055209,17.97421603,19.14345404,30.18355153
133,3/17/2022 7:00,Asia/Bangkok,65.23567786,20.94359331,22.35445682,30.56665738
134,3/18/2022 7:00,Asia/Bangkok,63.35331267,25.60139373,27.78412256,31.07240947
135,3/19/2022 7:00,Asia/Bangkok,68.59387373,33.19456067,37.85714286,30.81911498
136,3/20/2022 7:00,Asia/Bangkok,81.85575779,26.13370866,29.61425577,27.90111111
137,3/21/2022 7:00,Asia/Bangkok,83.76491044,13.47372159,13.76136364,27.5918821
138,3/22/2022 7:00,Asia/Bangkok,74.70278149,19.45174825,21.13082811,29.77864997
139,3/23/2022 7:00,Asia/Bangkok,80.16216443,27.04564907,28.65431219,28.51506058
140,3/24/2022 7:00,Asia/Bangkok,74.19526822,19.38434661,20.8543554,29.68887108
141,3/25/2022 7:00,Asia/Bangkok,74.35906237,14.65156794,14.77630662,30.07894077
142,3/26/2022 7:00,Asia/Bangkok,76.53554752,14.88305322,15.37508747,28.75953814
143,3/27/2022 7:00,Asia/Bangkok,71.98404196,23.04531947,24.72720534,30.12787991
144,3/28/2022 7:00,Asia/Bangkok,67.12269352,23.12709497,24.86341463,30.48379094
145,3/29/2022 7:00,Asia/Bangkok,68.52548555,26.90858339,29.76203768,30.52330775
146,3/30/2022 7:00,Asia/Bangkok,73.4212431,31.38112392,40.51046025,28.99059972
147,3/31/2022 7:00,Asia/Bangkok,67.48524287,25.50833333,31.44947994,30.09118128
148,4/1/2022 7:00,Asia/Bangkok,72.76701635,25.60548363,30.57164291,29.21342086
149,4/2/2022 7:00,Asia/Bangkok,67.30465345,31.58170391,36.51011863,30.36657362
150,4/3/2022 7:00,Asia/Bangkok,79.89919093,17.126662,18.66852756,27.65344033
151,4/4/2022 7:00,Asia/Bangkok,77.58798362,5.083459788,5.186504928,27.88858984
152,4/5/2022 7:00,Asia/Bangkok,90.22109225,9.352313167,9.603411514,26.15649609
153,4/6/2022 7:00,Asia/Bangkok,96.18497075,16.49880668,17,25.44892687
154,4/7/2022 7:00,Asia/Bangkok,83.6234389,22.25584906,26.72578241,28.25449329
155,4/8/2022 7:00,Asia/Bangkok,76.58400848,23.41132638,25.92862454,29.70850558
156,4/9/2022 7:00,Asia/Bangkok,82.74311672,30.23303009,36.18745645,28.19431359
157,4/10/2022 7:00,Asia/Bangkok,73.32671589,36.52014652,46.11973875,29.81429608
158,4/11/2022 7:00,Asia/Bangkok,69.66381137,43.82185947,59.60878661,30.08611576
159,4/12/2022 7:00,Asia/Bangkok,68.8676131,52.89616725,75.86829268,30.37659233
160,4/13/2022 7:00,Asia/Bangkok,67.32161171,50.17692308,70.84320557,30.74855749
161,4/14/2022 7:00,Asia/Bangkok,70.43347686,43.69335468,56.28983187,29.83522818
162,4/15/2022 7:00,Asia/Bangkok,63.51218794,36.47765363,43.00069686,31.10864808
163,4/16/2022 7:00,Asia/Bangkok,61.24404596,45.52532124,77.43793584,31.69627615
164,4/17/2022 7:00,Asia/Bangkok,68.33206929,39.84511064,55.70961003,30.26991643
165,4/18/2022 7:00,Asia/Bangkok,75.75827245,42.37955182,55.20502092,29.41466527
166,4/19/2022 7:00,Asia/Bangkok,76.33888023,43.91019244,58.95621469,30.07545904
167,4/20/2022 7:00,Asia/Bangkok,81.39460644,28.12482468,32.13305322,28.87157563
168,4/21/2022 7:00,Asia/Bangkok,86.32238879,25.25685426,28.49892934,28.23533904
169,4/22/2022 7:00,Asia/Bangkok,88.79536423,26.43305439,28.96164575,28.0277894
170,4/23/2022 7:00,Asia/Bangkok,82.85770669,24.83649123,27.65365854,28.96823693
171,4/24/2022 7:00,Asia/Bangkok,72.35946022,24.99925651,27.66765799,30.83956134
172,4/25/2022 7:00,Asia/Bangkok,72.56845425,21.34357542,24.47980501,30.78004178
173,4/26/2022 7:00,Asia/Bangkok,71.5422889,24.41328671,29.08304257,31.00127704
174,4/27/2022 7:00,Asia/Bangkok,73.99508322,21.92817294,24.55988858,30.29837744
175,4/28/2022 7:00,Asia/Bangkok,69.4587782,24.71657382,28.13579387,31.31874652
176,4/29/2022 7:00,Asia/Bangkok,69.49056761,26.36853296,27.84408221,31.26810064
177,4/30/2022 7:00,Asia/Bangkok,74.71568876,25.38596491,28.01605839,30.57969343
178,5/1/2022 7:00,Asia/Bangkok,79.97002763,28.04175365,30.83785665,28.63212248
179,5/2/2022 7:00,Asia/Bangkok,81.57700439,31.10676902,34.69525802,29.14880056
180,5/3/2022 7:00,Asia/Bangkok,85.0369601,24.62360335,26.7764624,28.65177577
181,5/4/2022 7:00,Asia/Bangkok,96.04598882,12.18592593,12.91413768,27.38418949
182,5/5/2022 7:00,Asia/Bangkok,98.76295263,14.76506024,16.31606607,26.46397147
183,5/6/2022 7:00,Asia/Bangkok,93.4437401,14.53690808,15.05837387,27.71087561
184,5/7/2022 7:00,Asia/Bangkok,96.27628983,21.349739,23.54342984,27.31709725
185,5/8/2022 7:00,Asia/Bangkok,90.88921581,17.53986014,19.12116992,28.78656685
186,5/9/2022 7:00,Asia/Bangkok,93.50336314,11.26634214,11.4394993,28.24586231
187,5/10/2022 7:00,Asia/Bangkok,95.70393846,19.15070527,19.75055679,27.73878248
188,5/11/2022 7:00,Asia/Bangkok,91.00226562,22.58666667,24.88865692,28.51411969
189,5/12/2022 7:00,Asia/Bangkok,93.62380326,23.51521585,24.87048832,27.30258316
190,5/13/2022 7:00,Asia/Bangkok,87.64656872,22.40606061,24.3593985,28.14447368
191,5/14/2022 7:00,Asia/Bangkok,87.46957022,25.60781577,27.91771269,28.38687587
192,5/15/2022 7:00,Asia/Bangkok,81.89850578,15.80905923,16.18384401,30.32683844
193,5/16/2022 7:00,Asia/Bangkok,88.68246222,17.66159355,18.37779767,28.95058192
194,5/17/2022 7:00,Asia/Bangkok,81.20710126,9.891810669,11.57185185,29.545
195,5/18/2022 7:00,Asia/Bangkok,80.26552353,8.713751868,9.541325391,29.65628444
196,5/19/2022 7:00,Asia/Bangkok,86.38322895,19.18745645,20.10368824,28.87864301
197,5/20/2022 7:00,Asia/Bangkok,76.10267629,8.759220598,8.967315716,29.55784423
198,5/21/2022 7:00,Asia/Bangkok,86.99528552,13.70209465,14.45546088,28.02195972
199,5/22/2022 7:00,Asia/Bangkok,84.14507742,13.750167,13.83901136,28.52071476
200,5/23/2022 7:00,Asia/Bangkok,73.76801227,8.570909091,8.944807553,28.89872186
201,5/24/2022 7:00,Asia/Bangkok,74.84510287,18.55036691,19.40493662,30.13622415
202,5/25/2022 7:00,Asia/Bangkok,68.31626766,14.34449093,15.41585535,31.05892211
203,5/26/2022 7:00,Asia/Bangkok,70.38923576,12.6872214,13.22626113,30.34807122
204,5/27/2022 7:00,Asia/Bangkok,69.55018579,11.1581596,12.265,30.89155
205,5/28/2022 7:00,Asia/Bangkok,69.32576911,10.63550136,10.77777778,30.21401762
206,5/29/2022 7:00,Asia/Bangkok,81.50791085,10.46796657,10.71974965,27.8575452
207,5/30/2022 7:00,Asia/Bangkok,88.74070396,13.09798471,13.52397498,26.71893676
208,5/31/2022 7:00,Asia/Bangkok,81.16461955,12.31875526,12.86828859,28.15741611
209,6/1/2022 7:00,Asia/Bangkok,75.80336024,17.00829876,17.38174274,29.62020747
210,6/2/2022 7:00,Asia/Bangkok,78.58664256,10.34982578,10.94506259,29.58975661
211,6/3/2022 7:00,Asia/Bangkok,74.67392502,11.86350778,12.3385159,29.78893286
212,6/4/2022 7:00,Asia/Bangkok,81.63137478,8.159620991,8.193148688,28.64271866
213,6/5/2022 7:00,Asia/Bangkok,75.55633905,13.63277693,18.05642168,29.90815887
214,6/6/2022 7:00,Asia/Bangkok,84.09503521,19.51502446,21.19345859,28.36713987
215,6/7/2022 7:00,Asia/Bangkok,88.64380259,21.30096368,22.47481481,28.03826667
216,6/8/2022 7:00,Asia/Bangkok,83.82089548,23.0385424,25.71418637,28.50916551
217,6/9/2022 7:00,Asia/Bangkok,82.43988636,21.60536113,23.84877687,28.98377317
218,6/10/2022 7:00,Asia/Bangkok,82.74465203,10.73337722,13.00327654,29.12811271
219,6/11/2022 7:00,Asia/Bangkok,84.07842416,14.7554007,15.08356546,28.83347493
220,6/12/2022 7:00,Asia/Bangkok,87.81675877,16.56686047,17.80942029,28.1156087
221,6/13/2022 7:00,Asia/Bangkok,76.03722431,12.73557692,12.88049451,29.8373489
222,6/14/2022 7:00,Asia/Bangkok,74.14882896,12.73819742,16.31736111,30.16374306
223,6/15/2022 7:00,Asia/Bangkok,86.2878665,21.24286708,22.96247394,28.06744962
224,6/16/2022 7:00,Asia/Bangkok,86.49401674,17.74087863,19.51555556,27.89288148
225,6/17/2022 7:00,Asia/Bangkok,76.30037078,20.62685512,21.74523641,30.30501059
226,6/18/2022 7:00,Asia/Bangkok,78.78311241,25.08390542,27.33815689,29.40099772
227,6/19/2022 7:00,Asia/Bangkok,83.87733958,22.05489924,22.97430556,28.79207639
228,6/20/2022 7:00,Asia/Bangkok,77.05111057,18.11567944,19.45201669,29.34180111
229,6/21/2022 7:00,Asia/Bangkok,82.86675339,17.63460208,18.52627939,28.74957815
230,6/22/2022 7:00,Asia/Bangkok,87.06815041,14.00670141,15.37064492,28.37624907
231,6/23/2022 7:00,Asia/Bangkok,89.67608908,18.35979971,21.55179704,28.11891473
232,6/24/2022 7:00,Asia/Bangkok,80.09223511,10.41399417,10.54115076,28.88040787
233,6/25/2022 7:00,Asia/Bangkok,80.64616773,13.20723227,13.4527121,28.76852573
234,6/26/2022 7:00,Asia/Bangkok,87.17470077,17.37003484,18.44745999,27.90334029
235,6/27/2022 7:00,Asia/Bangkok,90.70783915,19.61060071,23.17663421,27.80494437
236,6/28/2022 7:00,Asia/Bangkok,79.90623623,18.03004892,20.23783032,29.90563978
237,6/29/2022 7:00,Asia/Bangkok,77.65390728,14.94617564,15.63224894,29.66559406
238,6/30/2022 7:00,Asia/Bangkok,74.85245457,9.051750381,9.191780822,29.96228311
239,7/1/2022 7:00,Asia/Bangkok,87.46998357,12.39258223,12.63916084,27.72411189
240,7/2/2022 7:00,Asia/Bangkok,87.39220125,9.016039052,9.633263744,27.76983994
241,7/3/2022 7:00,Asia/Bangkok,86.96375156,11.08569354,11.15105301,28.42251997
242,7/4/2022 7:00,Asia/Bangkok,90.3577888,16.24233983,17.13987474,27.95842728
243,7/5/2022 7:00,Asia/Bangkok,93.44247457,10.50964975,10.89,26.58185
244,7/6/2022 7:00,Asia/Bangkok,85.5233563,9.781398506,10.23373984,28.21957995
245,7/7/2022 7:00,Asia/Bangkok,82.95330779,11.30528512,11.35326843,28.75965925
246,7/8/2022 7:00,Asia/Bangkok,76.76431926,13.77158774,14.34840056,29.58663421
247,7/9/2022 7:00,Asia/Bangkok,83.37028894,12.78033473,13.65646732,28.04870654
248,7/10/2022 7:00,Asia/Bangkok,90.31716323,12.19125278,12.33951075,26.98595256
249,7/11/2022 7:00,Asia/Bangkok,89.590092,9.340292276,9.43980515,27.85975644
250,7/12/2022 7:00,Asia/Bangkok,97.19804167,9.276911656,9.778682457,25.85791266
251,7/13/2022 7:00,Asia/Bangkok,92.81079674,5.887732342,6.361008154,26.22687917
252,7/14/2022 7:00,Asia/Bangkok,88.12445327,10.95011169,11.41679049,27.72384844
253,7/15/2022 7:00,Asia/Bangkok,77.07188771,7.522916667,7.5875,29.29334722
254,7/16/2022 7:00,Asia/Bangkok,86.76817051,12.77149497,13.08204334,28.34874613
255,7/17/2022 7:00,Asia/Bangkok,85.2483784,12.30833333,12.61666667,28.25530556
256,7/18/2022 7:00,Asia/Bangkok,91.70438807,16.79925926,17.02074074,27.93707407
257,7/19/2022 7:00,Asia/Bangkok,77.94627202,13.53521127,14.05403405,30.64944486
258,7/20/2022 7:00,Asia/Bangkok,84.11655221,16.39719298,17.38542397,29.22161177
259,7/21/2022 7:00,Asia/Bangkok,84.73885066,7.833462432,7.888458559,28.30583269
260,7/22/2022 7:00,Asia/Bangkok,88.15131046,10.34364714,11.24901961,27.86845752
261,7/23/2022 7:00,Asia/Bangkok,81.29666906,8.962222222,9.26276832,29.51855662
262,7/24/2022 7:00,Asia/Bangkok,87.54673296,7.029126214,7.907407407,28.60934074
263,7/25/2022 7:00,Asia/Bangkok,90.99277227,17.20917304,17.86935372,28.24272411
264,7/26/2022 7:00,Asia/Bangkok,84.31165317,21.58983287,23.35629784,29.53377871
265,7/27/2022 7:00,Asia/Bangkok,86.5010114,19.59874826,21.66968011,29.23854659
266,7/28/2022 7:00,Asia/Bangkok,92.99867144,17.43969144,19.15496873,27.75212648
267,7/29/2022 7:00,Asia/Bangkok,90.93849511,16.82653818,17.30244626,27.82467754
268,7/30/2022 7:00,Asia/Bangkok,86.0912283,24.83936022,26.40751043,29.25468011
269,7/31/2022 7:00,Asia/Bangkok,77.61742259,8.551111111,8.579259259,29.66951111
270,8/1/2022 7:00,Asia/Bangkok,76.86110828,7.699582754,7.742002782,29.86235049
271,8/2/2022 7:00,Asia/Bangkok,84.90994986,5.806944444,5.829861111,27.87436806
272,8/3/2022 7:00,Asia/Bangkok,93.07979084,4.586482558,4.598110465,26.81746366
273,8/4/2022 7:00,Asia/Bangkok,85.30033183,4.558803062,4.715774844,28.13896456
274,8/5/2022 7:00,Asia/Bangkok,87.93765211,13.2237037,13.57364915,28.10622502
275,8/6/2022 7:00,Asia/Bangkok,72.97800723,10.34353268,10.36995828,30.07833797
276,8/7/2022 7:00,Asia/Bangkok,69.82427281,7.3374613,13.29851852,29.98107407
277,8/8/2022 7:00,Asia/Bangkok,72.84898625,17.8490991,22.90197513,29.82926116
278,8/9/2022 7:00,Asia/Bangkok,77.73673453,30.12898551,57.13518887,29.27063618
279,8/10/2022 7:00,Asia/Bangkok,70.08733476,10.44252078,10.59626039,29.95752078
280,8/11/2022 7:00,Asia/Bangkok,72.03877171,10.06024982,10.13445996,30.02040411
281,8/12/2022 7:00,Asia/Bangkok,71.5267647,11.68496622,11.77280405,29.4895777
282,8/13/2022 7:00,Asia/Bangkok,67.02602831,10.83188586,11.06567534,29.91227385
283,8/14/2022 7:00,Asia/Bangkok,71.51706281,13.55406442,13.7618865,30.38939801
284,8/15/2022 7:00,Asia/Bangkok,69.672561,12.32405822,12.51412671,30.0666738
285,8/16/2022 7:00,Asia/Bangkok,72.82776047,14.57400307,15.03680982,29.45858896
286,8/17/2022 7:00,Asia/Bangkok,80.02032216,16.2108,17.74321086,28.73966454
287,8/18/2022 7:00,Asia/Bangkok,78.71600436,10.98328333,11.41677364,28.93390672
288,8/19/2022 7:00,Asia/Bangkok,70.64243907,9.148373102,9.235039029,30.70876409
289,8/20/2022 7:00,Asia/Bangkok,75.48425618,11.27102804,11.4452847,29.83138345
290,8/21/2022 7:00,Asia/Bangkok,80.24657809,10.62728719,11.11115522,29.06323541
291,8/22/2022 7:00,Asia/Bangkok,82.05662767,10.22379913,10.4808952,28.76981441
292,8/23/2022 7:00,Asia/Bangkok,71.96389022,7.134479718,7.245923314,29.22752314
293,8/24/2022 7:00,Asia/Bangkok,88.32067252,14.64441698,14.98846312,28.01207664
294,8/25/2022 7:00,Asia/Bangkok,73.6163673,10.93047933,11.28863719,30.63090245
295,8/26/2022 7:00,Asia/Bangkok,82.37608829,12.39983845,12.56300485,29.22948708
296,8/27/2022 7:00,Asia/Bangkok,82.53719184,5.255895197,5.302487997,28.42689655
297,8/28/2022 7:00,Asia/Bangkok,72.36578063,7.349476947,7.369624177,29.67948857
298,8/29/2022 7:00,Asia/Bangkok,77.34879005,7.145320197,8.25,29.54254078
299,8/30/2022 7:00,Asia/Bangkok,92.02679028,19.46861378,20.16165577,27.30433551
300,8/31/2022 7:00,Asia/Bangkok,92.69965761,22.59491466,24.69369997,27.87973199
301,9/1/2022 7:00,Asia/Bangkok,90.2276682,20.46307478,21.90310617,28.20398238
302,9/2/2022 7:00,Asia/Bangkok,85.91866302,15.45162671,15.9961522,28.15510475
303,9/3/2022 7:00,Asia/Bangkok,82.28515029,8.428023033,8.458733205,29.53077543
304,9/4/2022 7:00,Asia/Bangkok,91.80358787,7.132104455,7.188099808,27.89711708
305,9/5/2022 7:00,Asia/Bangkok,74.58993357,5.507361719,5.562052506,29.75399761
306,9/6/2022 7:00,Asia/Bangkok,88.12132665,8.625051504,8.9184514,28.22128501
307,9/7/2022 7:00,Asia/Bangkok,87.3053483,10.80924574,10.92461089,27.35524319
308,9/8/2022 7:00,Asia/Bangkok,93.73002557,9.410328638,9.696386673,26.62545753
309,9/9/2022 7:00,Asia/Bangkok,79.22771703,13.92040907,14.40773677,29.02283237
310,9/10/2022 7:00,Asia/Bangkok,88.86942651,22.58575907,24.87588968,27.87825178
311,9/11/2022 7:00,Asia/Bangkok,74.05448598,20.30076706,24.96818539,29.99465043
312,9/12/2022 7:00,Asia/Bangkok,84.59801029,19.93147503,21.10909792,28.10538936
313,9/13/2022 7:00,Asia/Bangkok,90.21288764,20.28938356,22.6043627,27.46519675
314,9/14/2022 7:00,Asia/Bangkok,87.67447815,13.81797128,14.0375,27.96609259
315,9/15/2022 7:00,Asia/Bangkok,80.97430398,13.76933393,14.33795262,27.76599017
316,9/16/2022 7:00,Asia/Bangkok,68.14948994,16.46606529,17.57558887,29.16105782
317,9/17/2022 7:00,Asia/Bangkok,67.11802228,13.24617524,13.4490789,29.72418839
318,9/18/2022 7:00,Asia/Bangkok,66.99464553,14.63157895,15.24967935,29.88828132
319,9/19/2022 7:00,Asia/Bangkok,67.43274863,13.43542967,13.72395583,29.80899184
320,9/20/2022 7:00,Asia/Bangkok,74.52413691,16.22751799,16.79389313,29.53523125
321,9/21/2022 7:00,Asia/Bangkok,67.22765365,13.96889112,15.03846154,30.249001
322,9/22/2022 7:00,Asia/Bangkok,82.85704178,17.8616548,18.73644444,28.31149333
323,9/23/2022 7:00,Asia/Bangkok,74.59814797,11.98091286,12.00912863,28.82407884
324,9/24/2022 7:00,Asia/Bangkok,76.87838132,17.44145873,19.33793633,28.91242424
325,9/25/2022 7:00,Asia/Bangkok,82.36923874,13.57506951,13.84847081,28.8257785
326,9/26/2022 7:00,Asia/Bangkok,80.54518439,15.70701454,15.79512404,29.41188195
327,9/27/2022 7:00,Asia/Bangkok,76.75523584,20.64047528,21.35415868,30.25366041
328,9/28/2022 7:00,Asia/Bangkok,82.59973877,12.47819767,13.52293578,28.31821342
329,9/29/2022 7:00,Asia/Bangkok,87.85799334,8.835537919,8.864638448,27.66970459
330,9/30/2022 7:00,Asia/Bangkok,86.85566925,8.514967022,9.143291139,27.25757852
331,10/1/2022 7:00,Asia/Bangkok,94.35954808,13.96390061,14.37956888,26.79617151
332,10/2/2022 7:00,Asia/Bangkok,85.9932028,13.50383436,13.64493865,27.59540644
333,10/3/2022 7:00,Asia/Bangkok,85.30000377,12.55390476,13.19368341,28.13516362
334,10/4/2022 7:00,Asia/Bangkok,99.96365687,28.61219609,32.00635425,26.45584194
335,10/5/2022 7:00,Asia/Bangkok,86.810017,13.68153397,13.83166667,28.45323333
336,10/6/2022 7:00,Asia/Bangkok,90.40600261,15.17624357,17.26700899,27.87695764
337,10/7/2022 7:00,Asia/Bangkok,93.66221172,14.69346195,16.29083807,27.44295099
338,10/8/2022 7:00,Asia/Bangkok,98.93979026,19.31695721,21.06891089,26.05597228
339,10/9/2022 7:00,Asia/Bangkok,92.35576127,27.88402458,31.4321319,27.71619632
340,10/10/2022 7:00,Asia/Bangkok,92.21126014,13.9804946,14.52382609,27.69238261
341,10/11/2022 7:00,Asia/Bangkok,89.60817654,12.93049249,13.72949389,27.45256894
342,10/12/2022 7:00,Asia/Bangkok,83.71827764,18.84753838,22.98678647,28.70019556
343,10/13/2022 7:00,Asia/Bangkok,81.66922828,18.15635998,20.38121547,28.73667504
344,10/14/2022 7:00,Asia/Bangkok,79.89399053,21.17348754,22.16577778,29.00740889
345,10/15/2022 7:00,Asia/Bangkok,87.04887216,23.23881674,25.09304003,28.03700325
346,10/16/2022 7:00,Asia/Bangkok,88.13716799,17.375,18.47409806,28.13579093
347,10/17/2022 7:00,Asia/Bangkok,93.65258167,26.04573548,28.63714992,27.0922117
348,10/18/2022 7:00,Asia/Bangkok,97.44941517,11.20847603,11.87350427,26.88715812
349,10/19/2022 7:00,Asia/Bangkok,93.07513487,8.639554795,8.80872914,27.37445443
350,10/20/2022 7:00,Asia/Bangkok,94.53886221,9.350299401,9.47883711,27.04836682
351,10/21/2022 7:00,Asia/Bangkok,98.48301352,12.06849315,12.71770744,26.62294269
352,10/22/2022 7:00,Asia/Bangkok,81.57748344,11.40237821,11.56134969,29.36728144
353,10/23/2022 7:00,Asia/Bangkok,92.60325904,8.829972184,8.857788595,27.01993046
354,10/24/2022 7:00,Asia/Bangkok,89.90696603,9.930491551,10.23147793,27.17523992
355,10/25/2022 7:00,Asia/Bangkok,90.47419026,12.22746452,12.59225163,28.11019946
356,10/26/2022 7:00,Asia/Bangkok,82.18837075,16.41500873,17.8815561,29.3450191
357,10/27/2022 7:00,Asia/Bangkok,80.95789146,45.21325648,61.40815348,30.16836451
358,10/28/2022 7:00,Asia/Bangkok,90.12185606,39.60216718,50.23127413,28.54188417
359,10/29/2022 7:00,Asia/Bangkok,91.98877901,16.97868397,19.14087118,27.75352641
360,10/30/2022 7:00,Asia/Bangkok,86.06815583,12.79859967,13.04569782,28.62323178
361,10/31/2022 7:00,Asia/Bangkok,84.99670193,41.25463145,53.58156028,29.14638298
362,11/1/2022 7:00,Asia/Bangkok,86.78609128,53.02143951,73.26683673,28.67871429
363,11/2/2022 7:00,Asia/Bangkok,78.59383424,46.45873321,61.32399232,29.06883301
364,11/3/2022 7:00,Asia/Bangkok,74.99836733,34.91546007,42.37951807,28.40643652
365,11/4/2022 7:00,Asia/Bangkok,72.4902283,34.28648233,42.82642089,29.02024194
366,11/5/2022 7:00,Asia/Bangkok,78.97697688,25.62345679,28.37604579,27.99668868
367,11/6/2022 7:00,Asia/Bangkok,96.34383793,8.809167446,9.009822264,26.65099626
368,11/7/2022 7:00,Asia/Bangkok,92.99546088,5.978738236,6.330316742,27.27692308
369,11/8/2022 7:00,Asia/Bangkok,97.40252758,12.60859555,12.96739547,26.24214806
370,11/9/2022 7:00,Asia/Bangkok,84.63449034,21.70177886,25.975686,28.84095519
371,11/10/2022 7:00,Asia/Bangkok,79.63230415,39.95940171,49.73888889,29.24335897
372,11/11/2022 7:00,Asia/Bangkok,82.91854407,37.62607204,47.13704497,29.47252248
373,11/12/2022 7:00,Asia/Bangkok,96.69667675,36.10004275,42.83504274,27.17611111
374,11/13/2022 7:00,Asia/Bangkok,81.96016728,26.45348837,33.32799359,29.8188306
375,11/14/2022 7:00,Asia/Bangkok,85.82401601,20.47463608,22.89942655,29.15562858
376,11/15/2022 7:00,Asia/Bangkok,98.84366244,7.783062161,8.695056086,27.17621936
377,11/16/2022 7:00,Asia/Bangkok,100,17.24408901,18.0862009,26.25955857
378,11/17/2022 7:00,Asia/Bangkok,90.51445851,15.82451253,16.72515636,27.95230021
379,11/18/2022 7:00,Asia/Bangkok,94.03225268,18.13569937,19.70653686,27.22102573
380,11/19/2022 7:00,Asia/Bangkok,93.59810154,16.19021039,16.82813168,27.35368534
381,11/20/2022 7:00,Asia/Bangkok,86.8354288,17.87874137,18.88458589,28.61335123
382,11/21/2022 7:00,Asia/Bangkok,95.64179203,27.85242896,30.19835089,27.34432432
383,11/22/2022 7:00,Asia/Bangkok,93.58160642,16.52084355,17.93682664,27.51565622
384,11/23/2022 7:00,Asia/Bangkok,91.47674645,19.50519031,20.70601763,27.5816788
385,11/24/2022 7:00,Asia/Bangkok,89.85617373,22.77235772,23.62002567,27.86474968
386,11/25/2022 7:00,Asia/Bangkok,90.59230479,11.33047578,11.78562259,27.60234489
387,11/26/2022 7:00,Asia/Bangkok,93.06195202,14.39020878,14.60043197,28.00077754
388,11/27/2022 7:00,Asia/Bangkok,90.22415231,20.02865697,20.74037639,29.36672797
389,11/28/2022 7:00,Asia/Bangkok,89.72839879,11.41111111,11.56763285,29.06414493
390,11/29/2022 7:00,Asia/Bangkok,89.00690589,21.75361245,22.9221934,29.43755835
391,11/30/2022 7:00,Asia/Bangkok,89.00740137,15.80426504,17.04638783,29.43497338
392,12/1/2022 7:00,Asia/Bangkok,94.76822239,15.60410864,16.89812239,28.97429068
393,12/2/2022 7:00,Asia/Bangkok,94.38643714,26.62654321,29.30761317,28.78114883
394,12/3/2022 7:00,Asia/Bangkok,91.40650463,15.89032901,16.88789238,28.45600399
395,12/4/2022 7:00,Asia/Bangkok,100,12.59005964,13.01470004,26.39321414
396,12/5/2022 7:00,Asia/Bangkok,100,6.118387909,6.26082578,25.43539778
397,12/6/2022 7:00,Asia/Bangkok,100,6.918850987,7.037316111,26.32085038
398,12/7/2022 7:00,Asia/Bangkok,100,12.27355402,12.82940109,27.25194918
399,12/8/2022 7:00,Asia/Bangkok,95.96039535,12.29211532,12.58527266,29.51653352
400,12/9/2022 7:00,Asia/Bangkok,100,12.89745378,14.11756522,26.5838887
401,12/10/2022 7:00,Asia/Bangkok,100,26.59101984,29.40403338,26.57288248
402,12/11/2022 7:00,Asia/Bangkok,100,38.12715856,49.39593714,26.61676888
403,12/12/2022 7:00,Asia/Bangkok,99.94696338,33.57571359,39.88872762,27.84703919
404,12/13/2022 7:00,Asia/Bangkok,99.12762603,18.97863248,20.1017094,27.48571368
405,12/14/2022 7:00,Asia/Bangkok,100,28.13791684,29.6113627,26.31416221
406,12/15/2022 7:00,Asia/Bangkok,99.51688417,27.63344739,29.20307824,28.54300385
407,12/16/2022 7:00,Asia/Bangkok,100,32.3577886,35.51841557,27.67696664
408,12/17/2022 7:00,Asia/Bangkok,100,30.66709457,32.94696322,27.39075278
409,12/18/2022 7:00,Asia/Bangkok,100,30.22418426,35.25911708,27.47627255
410,12/19/2022 7:00,Asia/Bangkok,100,16.47475683,16.59101436,25.68719778
411,12/20/2022 7:00,Asia/Bangkok,100,20.28983121,20.6037037,26.55551852
412,12/21/2022 7:00,Asia/Bangkok,100,35.32934363,41.99693487,26.19636782
413,12/22/2022 7:00,Asia/Bangkok,100,44.05077173,57.1567831,27.22007717
414,12/23/2022 7:00,Asia/Bangkok,92.47486962,48.11442193,65.57903098,28.7071803
415,12/24/2022 7:00,Asia/Bangkok,91.95592634,25.59231963,28.07913111,28.85640807
416,12/25/2022 7:00,Asia/Bangkok,89.76133266,34.93349515,40.44944364,27.82134011
417,12/26/2022 7:00,Asia/Bangkok,84.8633669,22.38927203,23.11724138,28.04135632
418,12/27/2022 7:00,Asia/Bangkok,90.2559529,27.22222222,31.5827451,27.67726275
419,12/28/2022 7:00,Asia/Bangkok,80.32829954,31.50522357,36.88262322,28.16059733
420,12/29/2022 7:00,Asia/Bangkok,95.89258188,43.49154181,57.8173913,26.47278744
421,12/30/2022 7:00,Asia/Bangkok,97.13109548,44.38488576,59.17799211,27.31360368
422,12/31/2022 7:00,Asia/Bangkok,98.1953536,44.12570888,58.55623529,27.46362353
423,1/1/2023 7:00,Asia/Bangkok,97.89720402,29.75795357,35.89478186,28.31812233
424,1/2/2023 7:00,Asia/Bangkok,96.7272665,28.52127252,31.30663089,27.59450364
425,1/3/2023 7:00,Asia/Bangkok,96.65772198,32.14029995,35.6647343,28.23471014
426,1/4/2023 7:00,Asia/Bangkok,99.58634366,30.41833189,33.59991312,28.310947
427,1/5/2023 7:00,Asia/Bangkok,100,33.66070565,40.49637506,27.57227163
428,1/6/2023 7:00,Asia/Bangkok,99.55476412,23.64630623,29.69465021,27.97353498
429,1/7/2023 7:00,Asia/Bangkok,100,19.75192472,22.6150556,26.82197605
430,1/8/2023 7:00,Asia/Bangkok,100,17.78812861,18.84384013,24.8113597
431,1/9/2023 7:00,Asia/Bangkok,100,33.59527121,39.9822732,26.79729232
432,1/10/2023 7:00,Asia/Bangkok,100,48.8407209,67.87729469,27.74635266
433,1/11/2023 7:00,Asia/Bangkok,100,50.90029953,70.99828914,28.38305389
434,1/12/2023 7:00,Asia/Bangkok,99.99491389,45.12312954,60.09705002,28.59376229
435,1/13/2023 7:00,Asia/Bangkok,98.66170541,30.73829624,35.07556578,28.90944764
436,1/14/2023 7:00,Asia/Bangkok,99.90424154,30.18520309,35.71421663,28.80026596
437,1/15/2023 7:00,Asia/Bangkok,97.87040174,32.22741313,39.65470679,29.91975694
438,1/16/2023 7:00,Asia/Bangkok,98.12640862,25.79366249,27.98747237,29.39806559
439,1/17/2023 7:00,Asia/Bangkok,98.55783809,33.48466981,42.41689587,27.13840409
440,1/18/2023 7:00,Asia/Bangkok,91.12183959,30.96085955,35.81434599,28.88520138
441,1/19/2023 7:00,Asia/Bangkok,99.82907192,35.17508772,43.4098817,28.8475087
442,1/20/2023 7:00,Asia/Bangkok,100,26.00613732,28.92599693,28.5463612
443,1/21/2023 7:00,Asia/Bangkok,100,35.21135405,41.69708589,27.87868865
444,1/22/2023 7:00,Asia/Bangkok,100,36.88339087,44.07057921,28.11331415
445,1/23/2023 7:00,Asia/Bangkok,99.99907182,49.46444781,67.12556732,28.14613086
446,1/24/2023 7:00,Asia/Bangkok,100,62.83883346,88.22690686,28.52264852
447,1/25/2023 7:00,Asia/Bangkok,99.9067033,47.95342371,62.68346074,29.34038568
448,1/26/2023 7:00,Asia/Bangkok,100,22.86914812,24.81089375,24.75221327
449,1/27/2023 7:00,Asia/Bangkok,100,40.67466111,52.3852032,27.53599166
450,1/28/2023 7:00,Asia/Bangkok,99.99248721,58.10579609,83.30900243,28.3058846
451,1/29/2023 7:00,Asia/Bangkok,100,36.37883436,44.75996933,27.22189417
452,1/30/2023 7:00,Asia/Bangkok,100,33.33576362,37.35379893,27.20419033
453,1/31/2023 7:00,Asia/Bangkok,100,41.72217959,52.03719325,26.12093175
454,2/1/2023 7:00,Asia/Bangkok,100,73.52762855,108.3366564,25.22584356
455,2/2/2023 7:00,Asia/Bangkok,100,52.29737828,73.03119198,27.55935017
456,2/3/2023 7:00,Asia/Bangkok,99.57166866,46.70069071,61.45070963,28.2670771
457,2/4/2023 7:00,Asia/Bangkok,100,19.32649513,20.59422809,26.52301113
458,2/5/2023 7:00,Asia/Bangkok,99.8928604,17.03373097,17.59457237,28.3586472
459,2/6/2023 7:00,Asia/Bangkok,97.11525416,16.52036895,18.38880368,28.54615798
460,2/7/2023 7:00,Asia/Bangkok,99.90610109,17.04180791,18.72665663,29.25762048
461,2/8/2023 7:00,Asia/Bangkok,100,19.89741776,20.63035019,29.03057305
462,2/9/2023 7:00,Asia/Bangkok,99.94835597,20.04810393,22.18608696,29.43823652
463,2/10/2023 7:00,Asia/Bangkok,99.99818919,21.43596626,22.33397239,29.27722393
464,2/11/2023 7:00,Asia/Bangkok,97.53802539,18.2386087,18.87756522,30.02787478
465,2/12/2023 7:00,Asia/Bangkok,99.60934616,15.59193604,15.94890511,29.55634341
466,2/13/2023 7:00,Asia/Bangkok,99.9845761,29.24227441,33.38978162,28.54688504
467,2/14/2023 7:00,Asia/Bangkok,98.47208139,37.37583395,45.04447739,29.50912898
468,2/15/2023 7:00,Asia/Bangkok,97.48203809,32.37864823,38.04909858,29.12329881
469,2/16/2023 7:00,Asia/Bangkok,95.09762652,20.87936996,23.67114351,28.65063699
470,2/17/2023 7:00,Asia/Bangkok,97.12133318,18.94062864,19.64144354,28.82161816
471,2/18/2023 7:00,Asia/Bangkok,100,21.25028441,21.80166856,27.79144862
472,2/19/2023 7:00,Asia/Bangkok,100,32.20820299,37.35649757,28.77066713
473,2/20/2023 7:00,Asia/Bangkok,99.29783152,33.50479846,40.15815739,29.55819962
474,2/21/2023 7:00,Asia/Bangkok,99.93007319,33.18259259,38.37,28.58197778
475,2/22/2023 7:00,Asia/Bangkok,99.92391008,26.58537565,28.73584906,29.3148615
476,2/23/2023 7:00,Asia/Bangkok,99.51647312,34.47773424,39.58167614,29.31907315
477,2/24/2023 7:00,Asia/Bangkok,99.51058975,38.70272344,46.36747219,29.77878404
478,2/25/2023 7:00,Asia/Bangkok,97.12398491,44.86439365,59.20353303,29.97698925
479,2/26/2023 7:00,Asia/Bangkok,99.79634745,34.89132104,42.4671785,29.46072169
480,2/27/2023 7:00,Asia/Bangkok,96.48480949,43.57322951,56.5461624,29.12133111
481,2/28/2023 7:00,Asia/Bangkok,100,56.34821085,82.34944381,28.3323015
482,3/1/2023 7:00,Asia/Bangkok,99.99311315,62.01767871,89.47642775,28.88677271
483,3/2/2023 7:00,Asia/Bangkok,100,72.58371736,108.0571538,29.12806291
484,3/3/2023 7:00,Asia/Bangkok,99.99929417,38.07898773,48.00920245,29.24102377
485,3/4/2023 7:00,Asia/Bangkok,100,37.2184261,45.74241843,25.72678695
486,3/5/2023 7:00,Asia/Bangkok,100,37.00575816,44.18874426,28.05792496
487,3/6/2023 7:00,Asia/Bangkok,99.63690107,36.8818112,43.37322593,28.95629843
488,3/7/2023 7:00,Asia/Bangkok,93.06569804,37.18296893,44.22362869,28.28372075
489,3/8/2023 7:00,Asia/Bangkok,98.10846761,39.89807692,48.83314154,28.68232451
490,3/9/2023 7:00,Asia/Bangkok,97.16860261,34.39227799,40.28440015,29.40785742
491,3/10/2023 7:00,Asia/Bangkok,96.6080842,31.13604732,33.81182609,29.81179478
492,3/11/2023 7:00,Asia/Bangkok,94.73005768,36.57823129,42.3448,29.20952
493,3/12/2023 7:00,Asia/Bangkok,95.32698877,42.73775322,54.69244936,29.24116022
494,3/13/2023 7:00,Asia/Bangkok,94.15056104,47.98804012,66.28412577,28.83127684
495,3/14/2023 7:00,Asia/Bangkok,99.63527434,42.23259881,54.60827251,28.28585332
496,3/15/2023 7:00,Asia/Bangkok,90.3406638,38.35063437,46.75383436,29.06950537
497,3/16/2023 7:00,Asia/Bangkok,85.96898469,37.48695652,44.69275362,29.88587923
498,3/17/2023 7:00,Asia/Bangkok,90.83772735,30.55872786,33.96571635,29.36439913
499,3/18/2023 7:00,Asia/Bangkok,91.07398761,25.40265487,26.15560472,30.10996681
500,3/19/2023 7:00,Asia/Bangkok,99.00289014,21.11085539,21.79593402,30.06439969
501,3/20/2023 7:00,Asia/Bangkok,92.40335851,25.625,26.9773773,31.03422546
502,3/21/2023 7:00,Asia/Bangkok,99.89766732,22.32311978,23.97180647,30.08034807
503,3/22/2023 7:00,Asia/Bangkok,100,23.89098999,25.65591398,30.3348795
504,3/23/2023 7:00,Asia/Bangkok,97.44218866,22.15928545,23.75537435,30.59932543
505,3/24/2023 7:00,Asia/Bangkok,95.63011774,32.92242704,38.61190019,31.54934741
506,3/25/2023 7:00,Asia/Bangkok,88.25069979,33.10848401,39.30483142,31.35963851
507,3/26/2023 7:00,Asia/Bangkok,99.1701504,34.67677543,41.41426928,30.59777138
508,3/27/2023 7:00,Asia/Bangkok,94.34772428,35.87188339,41.91215957,30.80324511
509,3/28/2023 7:00,Asia/Bangkok,96.99387648,34.90368567,40.53022933,30.91918346
510,3/29/2023 7:00,Asia/Bangkok,99.47753346,34.69495907,42.46298674,31.13971759
511,3/30/2023 7:00,Asia/Bangkok,99.18357636,24.03256705,27.66091954,31.0451341
512,3/31/2023 7:00,Asia/Bangkok,97.79143289,31.75704838,37.95340751,30.81633519
513,4/1/2023 7:00,Asia/Bangkok,93.42621662,34.54443642,39.6849711,31.52630419
514,4/2/2023 7:00,Asia/Bangkok,95.95871446,35.53638171,41.10409217,32.20540326
515,4/3/2023 7:00,Asia/Bangkok,91.70651801,33.80260047,38.55594957,32.41939716
516,4/4/2023 7:00,Asia/Bangkok,94.1814627,33.76834422,39.06983883,31.5297429
517,4/5/2023 7:00,Asia/Bangkok,95.16166821,32.56122841,36.28330134,32.13975432
518,4/6/2023 7:00,Asia/Bangkok,85.89498905,30.53256705,34.54381085,31.86288943
519,4/7/2023 7:00,Asia/Bangkok,93.1085112,33.60370759,38.98470097,31.04683588
520,4/8/2023 7:00,Asia/Bangkok,96.06248093,37.29041916,44.04959384,31.22143651
521,4/9/2023 7:00,Asia/Bangkok,92.80509179,25.27311086,27.20560031,31.89298044
522,4/10/2023 7:00,Asia/Bangkok,97.42752354,22.25156576,24.90924896,31.26772601
523,4/11/2023 7:00,Asia/Bangkok,97.29422587,32.38496933,36.05825987,31.4688808
524,4/12/2023 7:00,Asia/Bangkok,94.40857234,43.74778761,57.73181455,32.41623901
525,4/13/2023 7:00,Asia/Bangkok,97.97621406,44.61026967,58.45370712,31.67246035
526,4/14/2023 7:00,Asia/Bangkok,97.71343874,42.92225201,54.76952527,31.56243109
527,4/15/2023 7:00,Asia/Bangkok,95.85382437,49.57142857,69.2090637,32.60189397
528,4/16/2023 7:00,Asia/Bangkok,98.31184185,66.46764589,100.0587069,30.66859976
529,4/17/2023 7:00,Asia/Bangkok,100,46.43059816,63.27070552,28.89013037
530,4/18/2023 7:00,Asia/Bangkok,93.81835989,61.92755299,93.17101227,30.90855061
531,4/19/2023 7:00,Asia/Bangkok,94.07167499,56.37269939,81.67791411,31.84522623
532,4/20/2023 7:00,Asia/Bangkok,91.54734053,46.71698113,63.74904414,32.58470282
533,4/21/2023 7:00,Asia/Bangkok,89.95901679,45.03446809,59.62600935,32.97501487
534,4/22/2023 7:00,Asia/Bangkok,96.11605581,36.39401709,43.10384615,31.23670085
535,4/23/2023 7:00,Asia/Bangkok,97.80066681,33.2146749,37.70697168,30.08169572
536,4/24/2023 7:00,Asia/Bangkok,99.26874542,31.90618682,35.28421478,29.9447396
537,4/25/2023 7:00,Asia/Bangkok,99.85932579,30.57060629,33.09171144,30.93387183
538,4/26/2023 7:00,Asia/Bangkok,100,30.56101305,35.36503067,31.61975844
539,4/27/2023 7:00,Asia/Bangkok,100,22.43684993,24.0089153,32.0227266
540,4/28/2023 7:00,Asia/Bangkok,99.43614624,30.31108554,32.69083237,32.10172229
541,4/29/2023 7:00,Asia/Bangkok,100,31.59465021,36.12427984,32.4218642
542,4/30/2023 7:00,Asia/Bangkok,99.78612073,30.48540707,34.01420345,29.62588484
543,5/1/2023 7:00,Asia/Bangkok,99.95837987,34.08728087,40.68902891,30.29084507
544,5/2/2023 7:00,Asia/Bangkok,100,23.06191304,25.12234967,31.52211331
545,5/3/2023 7:00,Asia/Bangkok,100,23.18188567,25.18946978,29.74637375
546,5/4/2023 7:00,Asia/Bangkok,100,18.21796657,19.27234783,31.17845913
547,5/5/2023 7:00,Asia/Bangkok,100,23.87660758,26.05559416,30.11233495
548,5/6/2023 7:00,Asia/Bangkok,94.1951308,19.45412668,20.1879555,32.01086306
549,5/7/2023 7:00,Asia/Bangkok,98.76776011,15.30671058,15.34046933,32.61325648
550,5/8/2023 7:00,Asia/Bangkok,100,13.22461752,13.25869263,31.75667942
551,5/9/2023 7:00,Asia/Bangkok,100,17.22855158,18.09378256,32.07659257
552,5/10/2023 7:00,Asia/Bangkok,99.186609,16.56902219,16.94289236,30.40649548
553,5/11/2023 7:00,Asia/Bangkok,100,14.44815588,14.94056309,29.20945082
554,5/12/2023 7:00,Asia/Bangkok,97.85704142,25.2649925,29.83129403,30.64684093
555,5/13/2023 7:00,Asia/Bangkok,93.25911008,22.00801953,24.44544823,32.29855455
556,5/14/2023 7:00,Asia/Bangkok,94.42455439,23.34990724,25.189099,32.67201706
557,5/15/2023 7:00,Asia/Bangkok,99.71893495,20.03817643,20.92550037,31.82184211
558,5/16/2023 7:00,Asia/Bangkok,100,32.94780793,38.70882557,29.64451703
559,5/17/2023 7:00,Asia/Bangkok,99.9999382,22.07288071,24.00383583,30.46225547
560,5/18/2023 7:00,Asia/Bangkok,99.99704099,22.6352854,23.88880652,28.9312046
561,5/19/2023 7:00,Asia/Bangkok,100,15.40824742,15.78061856,28.90140619
562,5/20/2023 7:00,Asia/Bangkok,99.94708412,19.36126565,20.26198749,31.6226025
563,5/21/2023 7:00,Asia/Bangkok,99.94597664,27.73338124,30.39238232,31.91277039
564,5/22/2023 7:00,Asia/Bangkok,100,27.31394072,29.17629846,30.32037674
565,5/23/2023 7:00,Asia/Bangkok,100,19.47733105,19.89007699,27.52396493
566,5/24/2023 7:00,Asia/Bangkok,100,23.79040667,25.36136206,29.31170257
567,5/25/2023 7:00,Asia/Bangkok,100,31.22366469,34.24351371,30.1294848
568,5/26/2023 7:00,Asia/Bangkok,100,22.33640199,22.78557729,30.79416571
569,5/27/2023 7:00,Asia/Bangkok,100,22.05005562,23.08710156,29.81841735
570,5/28/2023 7:00,Asia/Bangkok,100,12.29542302,12.34870017,30.07644714
571,5/29/2023 7:00,Asia/Bangkok,100,17.24922481,17.79263566,28.33832558
572,5/30/2023 7:00,Asia/Bangkok,100,12.28259902,12.49955516,29.51175712
573,5/31/2023 7:00,Asia/Bangkok,100,19.06703398,19.50137741,28.85007346
574,6/1/2023 7:00,Asia/Bangkok,100,14.03792075,14.28887942,28.73763102
575,6/2/2023 7:00,Asia/Bangkok,100,15.74285714,16.07689631,28.61688935
576,6/3/2023 7:00,Asia/Bangkok,100,14.34761905,14.61713379,30.24624008
577,6/4/2023 7:00,Asia/Bangkok,100,9.636596836,9.707567336,29.13526721
578,6/5/2023 7:00,Asia/Bangkok,100,9.388569237,9.68797856,29.75151991
579,6/6/2023 7:00,Asia/Bangkok,100,11.10465925,11.14742698,28.61700974
580,6/7/2023 7:00,Asia/Bangkok,100,15.34755382,16.361338,28.44712952
581,6/8/2023 7:00,Asia/Bangkok,100,13.93057154,14.07783742,27.7425115
582,6/9/2023 7:00,Asia/Bangkok,100,21.33819018,22.6809816,27.42981979
583,6/10/2023 7:00,Asia/Bangkok,100,12.85109658,13.53067485,29.64102377
584,6/11/2023 7:00,Asia/Bangkok,100,8.921701305,8.948767521,27.620174
585,6/12/2023 7:00,Asia/Bangkok,100,10.10370052,10.37618229,28.09407997
586,6/13/2023 7:00,Asia/Bangkok,100,17.5304721,19.98417451,28.83359281
587,6/14/2023 7:00,Asia/Bangkok,100,26.78366823,30.03805045,29.76155622
588,6/15/2023 7:00,Asia/Bangkok,100,11.5385274,12.48225737,30.02461308
589,6/16/2023 7:00,Asia/Bangkok,100,18.21291314,19.46354566,29.03287797
590,6/17/2023 7:00,Asia/Bangkok,100,16.2699914,17.49230111,30.54057742
591,6/18/2023 7:00,Asia/Bangkok,100,11.03141614,11.21545894,30.04675845
592,6/19/2023 7:00,Asia/Bangkok,100,13.21593674,14.62462098,27.62864767
593,7/5/2023 7:00,Asia/Bangkok,100,0.140615191,0.140615191,29.6747081
594,7/6/2023 7:00,Asia/Bangkok,99.9893717,0.373626374,0.373626374,30.00343014
595,7/7/2023 7:00,Asia/Bangkok,99.94647887,0.310683425,0.310683425,29.70349961
596,7/8/2023 7:00,Asia/Bangkok,99.80156454,0.080240722,0.080240722,29.81610331
597,7/9/2023 7:00,Asia/Bangkok,99.95561257,0.051514097,0.051514097,30.00044205
598,7/10/2023 7:00,Asia/Bangkok,100,0.026455026,0.026455026,29.66747475
599,7/11/2023 7:00,Asia/Bangkok,100,0.30806142,0.30806142,28.94534549
600,7/19/2023 7:00,Asia/Bangkok,56.92286564,4,4,28.44552529
601,7/25/2023 7:00,Asia/Bangkok,81.39695382,14.76179337,15.30682261,28.26769929
602,7/26/2023 7:00,Asia/Bangkok,87.11519063,18.98879944,19.41092055,26.93502991
603,7/27/2023 7:00,Asia/Bangkok,88.00908607,12.23360224,12.54857945,26.75004096
604,7/28/2023 7:00,Asia/Bangkok,77.48281247,12.18638743,12.28272251,29.7781096
605,7/29/2023 7:00,Asia/Bangkok,77.40839175,11.66391598,11.88447112,29.49406486
606,7/30/2023 7:00,Asia/Bangkok,75.10287709,9.567732663,9.572763205,30.02692147
607,7/31/2023 7:00,Asia/Bangkok,79.54254899,8.928190544,8.942765731,28.83724091
608,8/1/2023 7:00,Asia/Bangkok,85.94077639,12.86093641,13.02410901,27.92011869
609,8/2/2023 7:00,Asia/Bangkok,84.65502583,10.21348315,10.35230156,27.77900793
610,8/3/2023 7:00,Asia/Bangkok,82.88377182,11.75148342,11.83664921,28.02655284
611,8/4/2023 7:00,Asia/Bangkok,78.45553543,14.21688449,14.67785235,28.75641316
612,8/5/2023 7:00,Asia/Bangkok,74.17696676,19.81199579,21.6039986,29.58926169
613,8/6/2023 7:00,Asia/Bangkok,72.23836075,18.93758865,19.56170213,29.48932303
614,8/7/2023 7:00,Asia/Bangkok,74.19161945,14.55969101,14.78019663,29.71327169
615,8/8/2023 7:00,Asia/Bangkok,81.12895031,17.86131644,18.44491376,28.6874553
616,8/9/2023 7:00,Asia/Bangkok,86.85852665,18.93009437,19.46487242,27.01507783
617,8/10/2023 7:00,Asia/Bangkok,80.77979061,9.142148174,9.330024814,28.07018249
618,8/11/2023 7:00,Asia/Bangkok,79.98967716,11.61455331,11.65057637,28.54528946
619,8/12/2023 7:00,Asia/Bangkok,76.45707926,10.18972477,10.3053211,29.24152344
620,8/13/2023 7:00,Asia/Bangkok,80.05121325,11.86999646,12.20332979,28.48929781
621,8/14/2023 7:00,Asia/Bangkok,85.78099652,12.54989459,12.78636683,27.8419884
622,8/15/2023 7:00,Asia/Bangkok,86.22445238,11.88763649,12.11342022,27.26829506
623,8/16/2023 7:00,Asia/Bangkok,86.33112431,12.46858639,12.75991025,27.14529592
624,8/17/2023 7:00,Asia/Bangkok,83.97204267,12.30831858,12.44743363,27.30300057
625,8/18/2023 7:00,Asia/Bangkok,76.79697231,12.80948932,13.12930098,29.19195063
626,8/19/2023 7:00,Asia/Bangkok,76.07880796,17.21701085,17.81064053,29.45090466
627,8/20/2023 7:00,Asia/Bangkok,77.01514952,21.68808942,22.26650367,29.52980266
628,8/21/2023 7:00,Asia/Bangkok,77.97740833,18.73360354,19.39277819,28.50541829
629,8/22/2023 7:00,Asia/Bangkok,79.112464,18.450888,19.37151142,28.75629088
630,8/23/2023 7:00,Asia/Bangkok,75.69343691,22.02638058,24.78930707,29.22856517
631,8/24/2023 7:00,Asia/Bangkok,69.88247412,16.58119658,17.38052768,29.94045377
632,8/25/2023 7:00,Asia/Bangkok,69.84898709,12.1114661,12.51047213,30.2770169
633,8/26/2023 7:00,Asia/Bangkok,73.53065214,11.61871069,12.01768868,29.87887852
634,8/27/2023 7:00,Asia/Bangkok,70.34158679,11.73342786,11.87734846,30.38344134
635,8/28/2023 7:00,Asia/Bangkok,69.25975509,11.19731592,11.35763511,30.46637981
636,8/29/2023 7:00,Asia/Bangkok,74.70877438,8.634552698,8.67077146,29.84814114
637,8/30/2023 7:00,Asia/Bangkok,75.89345491,11.17445608,12.01128122,29.31705233
638,8/31/2023 7:00,Asia/Bangkok,74.27401421,9.651982379,9.747296756,30.43196976
639,9/1/2023 7:00,Asia/Bangkok,80.75885358,7.896783316,7.932131495,28.7618139
640,9/2/2023 7:00,Asia/Bangkok,88.45109497,6.600903614,6.612575301,26.62358284
641,9/3/2023 7:00,Asia/Bangkok,85.15519092,6.894778796,6.908330012,27.0784549
642,9/4/2023 7:00,Asia/Bangkok,89.08793049,6.5138833,6.551307847,26.54004285
643,9/5/2023 7:00,Asia/Bangkok,90.97110662,7.455034589,7.526902383,26.18772089
644,9/6/2023 7:00,Asia/Bangkok,77.92950875,6.278826838,6.323021294,28.36689083
645,9/7/2023 7:00,Asia/Bangkok,78.38979275,13.98552078,14.80943484,29.77953901
646,9/8/2023 7:00,Asia/Bangkok,79.46752777,20.08449696,21.06587898,29.27462826
647,9/9/2023 7:00,Asia/Bangkok,85.34405127,23.63487941,25.16289425,27.88720955
648,9/10/2023 7:00,Asia/Bangkok,75.69783786,11.74973109,12.13194693,29.05950313
649,9/11/2023 7:00,Asia/Bangkok,85.55552531,19.572399,20.25741866,26.80595275
650,9/12/2023 7:00,Asia/Bangkok,84.9968949,23.61289186,26.03768933,27.93940542
651,9/13/2023 7:00,Asia/Bangkok,86.82383051,31.51048445,36.11966739,27.44370451
652,9/14/2023 7:00,Asia/Bangkok,83.4346746,38.99590469,48.11541325,28.19239035
653,9/15/2023 7:00,Asia/Bangkok,87.76176448,25.35716814,27.60778761,26.47049177
654,9/16/2023 7:00,Asia/Bangkok,79.18986757,14.40322581,14.59017595,27.65125617
655,9/17/2023 7:00,Asia/Bangkok,82.58968926,18.31243433,18.882662,27.77863541
656,9/18/2023 7:00,Asia/Bangkok,82.68460119,19.790049,20.76064832,28.54848607
657,9/19/2023 7:00,Asia/Bangkok,83.35295713,22.47844019,23.9167604,27.79729636
658,9/20/2023 7:00,Asia/Bangkok,84.70489044,18.86216696,20.04618117,27.7338689
659,9/21/2023 7:00,Asia/Bangkok,74.39451673,22.71803279,25.5435337,30.16214258
660,9/22/2023 7:00,Asia/Bangkok,86.34597683,22.36369983,25.44363002,27.35800121
661,9/23/2023 7:00,Asia/Bangkok,85.21550421,14.64840859,15.39489267,27.47591361
662,9/24/2023 7:00,Asia/Bangkok,85.26147357,13.91642857,14.01571429,27.80151293
663,9/25/2023 7:00,Asia/Bangkok,79.64972874,10.05514974,10.36778671,28.91545697
664,9/26/2023 7:00,Asia/Bangkok,80.92934514,9.313370998,9.410169492,28.14145711
665,9/27/2023 7:00,Asia/Bangkok,86.14663541,11.70877321,11.76447033,27.53549905
666,9/28/2023 7:00,Asia/Bangkok,90.9306807,9.960162302,10.07156031,25.81454503
667,9/29/2023 7:00,Asia/Bangkok,80.37308978,18.11653314,20.30298616,28.40137873
668,9/30/2023 7:00,Asia/Bangkok,75.43693263,41.69765766,52.21153153,30.09876138
669,10/1/2023 7:00,Asia/Bangkok,74.16330039,29.8738013,34.5067127,30.04902938
670,10/2/2023 7:00,Asia/Bangkok,72.79510656,30.01505376,34.68494624,30.07378912
671,10/3/2023 7:00,Asia/Bangkok,84.16692112,30.87052632,36.14631579,28.00477281
672,10/4/2023 7:00,Asia/Bangkok,80.7746305,15.06801909,15.57836118,28.4237671
673,10/5/2023 7:00,Asia/Bangkok,85.37219853,18.14359352,18.45765832,27.83065241
674,10/6/2023 7:00,Asia/Bangkok,84.62015673,14.69900406,15.33308742,28.14531902
675,10/7/2023 7:00,Asia/Bangkok,88.22211356,17.39192569,17.78492319,26.87910346
676,10/8/2023 7:00,Asia/Bangkok,86.0871956,17.91889667,19.02758337,27.66570275
677,10/9/2023 7:00,Asia/Bangkok,86.59139356,32.41860465,36.9478506,27.49125233
678,10/10/2023 7:00,Asia/Bangkok,82.54791579,18.52178459,19.15824329,28.36649007
679,10/11/2023 7:00,Asia/Bangkok,79.49063544,21.60418223,23.05115758,28.96099897
680,10/12/2023 7:00,Asia/Bangkok,81.99184412,30.64705882,35.82244009,29.04830354
681,10/13/2023 7:00,Asia/Bangkok,84.93431486,24.7993653,26.82545839,28.63979435
682,10/14/2023 7:00,Asia/Bangkok,80.90289987,21.41588257,22.85961611,29.7433842
683,10/15/2023 7:00,Asia/Bangkok,85.28528862,19.84065738,20.59021079,28.10986916
684,10/16/2023 7:00,Asia/Bangkok,81.56909171,17.26134752,17.82588652,28.37572195
685,10/17/2023 7:00,Asia/Bangkok,82.70103571,19.94717668,20.29653916,28.59886997
686,10/18/2023 7:00,Asia/Bangkok,86.92483983,16.09003215,16.69381922,27.28860857
687,10/19/2023 7:00,Asia/Bangkok,88.11254705,18.956,19.88072727,27.24289297
688,10/20/2023 7:00,Asia/Bangkok,87.03914414,16.25498426,17.00034977,27.28606767
689,10/21/2023 7:00,Asia/Bangkok,80.56999304,25.69236234,29.65399645,28.89416558
690,10/22/2023 7:00,Asia/Bangkok,87.17324165,30.85314685,34.48671329,28.20361563
691,10/23/2023 7:00,Asia/Bangkok,89.88941416,16.77196653,17.82252441,26.53852387
692,10/24/2023 7:00,Asia/Bangkok,90.83879132,30.40385965,33.61754386,26.58402257
693,10/25/2023 7:00,Asia/Bangkok,81.13635367,15.76080084,16.79557429,28.72977973
694,10/26/2023 7:00,Asia/Bangkok,82.83088893,27.52904129,31.72148355,28.56481667
695,10/27/2023 7:00,Asia/Bangkok,82.37023161,27.81110335,31.4402933,28.01688073
696,10/28/2023 7:00,Asia/Bangkok,86.05785695,22.64481066,24.78611501,28.13461363
697,10/29/2023 7:00,Asia/Bangkok,81.75403281,16.41145092,16.73399716,28.85375269
698,10/30/2023 7:00,Asia/Bangkok,80.73384306,19.36040432,19.87730917,28.97399882
699,10/31/2023 7:00,Asia/Bangkok,89.55057247,17.06966774,18.33940693,26.98078763
700,11/1/2023 7:00,Asia/Bangkok,90.77747241,25.07037583,28.38688283,26.69919586
701,11/2/2023 7:00,Asia/Bangkok,90.87843465,19.359375,20.86612216,26.77512743
702,11/3/2023 7:00,Asia/Bangkok,92.95621361,18.08018207,18.79656863,26.08373659
703,11/4/2023 7:00,Asia/Bangkok,83.77160498,22.98240676,25.41590429,28.70737556
704,11/5/2023 7:00,Asia/Bangkok,83.75380416,27.69725126,30.95431669,28.00259558
705,11/6/2023 7:00,Asia/Bangkok,83.86865794,16.48456569,17.01220388,28.27639801
706,11/7/2023 7:00,Asia/Bangkok,82.8597808,14.81837683,15.15874151,29.28090611
707,11/8/2023 7:00,Asia/Bangkok,86.05602266,23.84078712,27.09660107,27.57644882
708,11/9/2023 7:00,Asia/Bangkok,81.04956778,29.65039483,34.44615937,28.91570943
709,11/10/2023 7:00,Asia/Bangkok,81.13619869,15.81541156,16.38178634,28.50496784
710,11/11/2023 7:00,Asia/Bangkok,89.23915478,26.17678381,27.67021654,27.66184473
711,11/12/2023 7:00,Asia/Bangkok,91.34428987,18.51768827,19.54430823,26.73943466
712,11/13/2023 7:00,Asia/Bangkok,93.6438083,12.16936672,12.30228277,26.06376836
713,11/14/2023 7:00,Asia/Bangkok,92.60932656,12.67289377,12.84505495,26.57402073
714,11/15/2023 7:00,Asia/Bangkok,86.4862639,9.117908788,9.183908046,28.08068283
715,11/16/2023 7:00,Asia/Bangkok,89.23774868,15.9837628,16.13519238,27.36316938
716,11/17/2023 7:00,Asia/Bangkok,93.93208213,14.60298295,15.36541193,25.88158314
717,11/18/2023 7:00,Asia/Bangkok,92.75000692,9.192732455,9.297114357,26.05183476
718,11/19/2023 7:00,Asia/Bangkok,88.69605077,19.22265625,19.72549716,26.90167823
719,11/20/2023 7:00,Asia/Bangkok,83.08859694,23.80594796,24.5795539,27.7691578
720,11/21/2023 7:00,Asia/Bangkok,80.16318643,33.77244412,41.36203738,27.82505203
721,11/22/2023 7:00,Asia/Bangkok,81.09570499,47.77860963,64.40677362,27.91609314
722,11/23/2023 7:00,Asia/Bangkok,83.54828549,51.55254833,69.72372583,28.18325385
723,11/24/2023 7:00,Asia/Bangkok,84.26930171,31.26717281,35.93817787,27.80339201
724,11/25/2023 7:00,Asia/Bangkok,86.27561559,23.91129884,26.02076734,27.22328176
725,11/26/2023 7:00,Asia/Bangkok,89.53919345,14.61816891,14.92796309,26.69748655
726,11/27/2023 7:00,Asia/Bangkok,96.28660474,18.91944642,20.87012065,24.20290156
727,11/28/2023 7:00,Asia/Bangkok,95.45067943,12.02289539,14.16202888,24.44755506
728,11/29/2023 7:00,Asia/Bangkok,88.63080648,19.73537906,20.27472924,26.50249031
729,11/30/2023 7:00,Asia/Bangkok,89.55176799,31.39846323,34.31540432,27.28059546
730,12/1/2023 7:00,Asia/Bangkok,90.0285556,11.12701252,11.35706619,26.84421826
731,12/2/2023 7:00,Asia/Bangkok,87.94525311,17.23634337,18.71088815,27.3258968
732,12/3/2023 7:00,Asia/Bangkok,85.67169853,12.95586158,13.37888418,27.70326713
733,12/4/2023 7:00,Asia/Bangkok,90.93494524,10.36797455,10.45033581,25.99426102
734,12/5/2023 7:00,Asia/Bangkok,90.48642946,13.81894443,14.75952464,26.23782314
735,12/6/2023 7:00,Asia/Bangkok,77.49710581,11.58831809,11.66045039,29.2743761
736,12/7/2023 7:00,Asia/Bangkok,79.81361839,17.2686621,17.47277317,29.21051942
737,12/8/2023 7:00,Asia/Bangkok,81.41769935,20.22343805,20.65795976,28.72247327
738,12/9/2023 7:00,Asia/Bangkok,82.29682352,22.12203626,23.92433752,28.077882
739,12/10/2023 7:00,Asia/Bangkok,79.97333629,25.23589204,28.79775675,29.00842921
740,12/11/2023 7:00,Asia/Bangkok,80.80065676,27.36465246,31.83688439,28.73085389
741,12/12/2023 7:00,Asia/Bangkok,79.2500773,28.68573422,32.28985002,29.4215126
742,12/13/2023 7:00,Asia/Bangkok,76.83668603,39.64026518,48.19295185,29.03157386
743,12/14/2023 7:00,Asia/Bangkok,80.38013499,38.23921431,45.94668537,28.57161858
744,12/15/2023 7:00,Asia/Bangkok,79.81563887,32.74563242,36.4129979,28.83547466
745,12/16/2023 7:00,Asia/Bangkok,82.39084392,27.34750784,28.57127919,28.00206139
746,12/17/2023 7:00,Asia/Bangkok,78.02880508,24.34776536,25.14664804,29.29716821
747,12/18/2023 7:00,Asia/Bangkok,77.85767089,22.32960894,23.24930168,28.93313647
748,12/19/2023 7:00,Asia/Bangkok,80.29825778,28.47785141,32.00348797,28.0572483
749,12/20/2023 7:00,Asia/Bangkok,80.63889349,21.59379358,23.96025105,28.65497693
750,12/21/2023 7:00,Asia/Bangkok,77.28412128,23.90807498,25.66834895,29.25169458
751,12/22/2023 7:00,Asia/Bangkok,78.72846966,16.70888733,17.21273618,29.00791392
752,12/23/2023 7:00,Asia/Bangkok,71.86655893,13.32904149,13.38340486,28.52282558
753,12/24/2023 7:00,Asia/Bangkok,73.28066323,22.16649141,22.29863302,27.5793645
754,12/25/2023 7:00,Asia/Bangkok,81.32955257,25.19587989,25.73463687,26.49537557
755,12/26/2023 7:00,Asia/Bangkok,80.55858813,29.7802043,32.26171187,26.72426096
756,12/27/2023 7:00,Asia/Bangkok,77.78023202,37.40877193,43.2322807,27.34538963
757,12/28/2023 7:00,Asia/Bangkok,78.00411192,31.63530655,34.37279774,27.89145314
758,12/29/2023 7:00,Asia/Bangkok,82.15968393,30.67252747,32.97362637,27.34009054
759,12/30/2023 7:00,Asia/Bangkok,84.77489098,28.45298246,30.40526316,27.68330429
760,12/31/2023 7:00,Asia/Bangkok,89.24835164,36.5319901,45.2368328,26.30580147
761,1/1/2024 7:00,Asia/Bangkok,80.79958171,40.87416987,53.78783642,28.66395782
762,1/2/2024 7:00,Asia/Bangkok,78.80643824,20.81854987,22.64262054,28.46384216
763,1/3/2024 7:00,Asia/Bangkok,77.94900355,21.70503076,22.11364459,29.13750994
764,1/4/2024 7:00,Asia/Bangkok,74.59344422,28.89370629,30.76573427,29.46465228
765,1/5/2024 7:00,Asia/Bangkok,75.65928281,27.74859551,29.87886236,29.52209977
766,1/6/2024 7:00,Asia/Bangkok,75.90318247,32.09004905,34.85529082,28.75586765
767,1/7/2024 7:00,Asia/Bangkok,75.28352632,43.08709339,54.81182232,29.30031688
768,1/8/2024 7:00,Asia/Bangkok,77.28341425,43.2981475,56.8409647,28.66900671
769,1/9/2024 7:00,Asia/Bangkok,79.75998036,34.64661922,39.75017794,27.3505828
770,1/10/2024 7:00,Asia/Bangkok,78.06122075,40.88543897,51.71841542,28.56496685
771,1/11/2024 7:00,Asia/Bangkok,77.13385729,45.58292512,59.93456963,28.77457306
772,1/12/2024 7:00,Asia/Bangkok,75.66850803,39.64350559,48.55446927,28.91220992
773,1/13/2024 7:00,Asia/Bangkok,75.98891674,42.45855194,55.03567681,28.76951426
774,1/14/2024 7:00,Asia/Bangkok,73.47289001,35.80759673,41.68654597,28.70558451
775,1/15/2024 7:00,Asia/Bangkok,72.21108746,35.88170122,41.07862759,28.85169061
776,1/16/2024 7:00,Asia/Bangkok,72.12322061,46.47550735,62.60146956,29.16743468
777,1/17/2024 7:00,Asia/Bangkok,74.73837361,45.13990906,59.47429171,28.92320416
778,1/18/2024 7:00,Asia/Bangkok,72.36849233,33.88818787,39.56712233,29.38564605
779,1/19/2024 7:00,Asia/Bangkok,71.69911927,33.13297491,37.01792115,29.4876014
780,1/20/2024 7:00,Asia/Bangkok,74.83314703,46.23959426,61.37320742,28.82618286
781,1/21/2024 7:00,Asia/Bangkok,74.9029824,45.68114926,60.10861948,28.77317595
782,1/22/2024 7:00,Asia/Bangkok,75.04834851,42.51345683,55.26074799,28.4833384
783,1/23/2024 7:00,Asia/Bangkok,72.22523544,38.82962963,46.83738977,29.36562481
784,1/24/2024 7:00,Asia/Bangkok,73.12228384,23.33228512,24.13556953,28.79761123
785,1/25/2024 7:00,Asia/Bangkok,70.53955152,15.99268293,16.74703833,29.21010761
786,1/26/2024 7:00,Asia/Bangkok,75.912911,11.29640085,11.40366972,28.20354258
787,1/27/2024 7:00,Asia/Bangkok,68.5960215,18.42468175,19.2970297,29.1689915
788,1/28/2024 7:00,Asia/Bangkok,68.93665596,30.09052334,32.57531825,29.25103008
789,1/29/2024 7:00,Asia/Bangkok,69.37849264,24.75104603,25.94456067,28.99166806
790,1/30/2024 7:00,Asia/Bangkok,69.48278466,26.77667494,29.46756469,28.84409606
791,1/31/2024 7:00,Asia/Bangkok,68.67657739,27.12885154,29.21393557,28.93710815
792,2/1/2024 7:00,Asia/Bangkok,69.35826029,27.70083682,29.85390516,28.96687869
793,2/2/2024 7:00,Asia/Bangkok,69.77720374,38.12395251,45.90432961,29.12041892
794,2/3/2024 7:00,Asia/Bangkok,72.2531415,33.13078324,38.19453552,28.82377577
795,2/4/2024 7:00,Asia/Bangkok,73.37957668,44.61820084,58.54811715,28.98033434
796,2/5/2024 7:00,Asia/Bangkok,74.34759301,45.10491803,59.65428051,28.75795065
797,2/6/2024 7:00,Asia/Bangkok,71.08976869,51.17025026,71.18893197,29.39818021
798,2/7/2024 7:00,Asia/Bangkok,72.78126948,48.39191074,65.77998605,29.4162915
799,2/8/2024 7:00,Asia/Bangkok,72.07028948,48.62530584,66.47046487,29.76052821
800,2/9/2024 7:00,Asia/Bangkok,70.92792058,45.11707493,59.58537464,30.04785168
801,2/10/2024 7:00,Asia/Bangkok,69.20741004,44.50552191,57.52440328,29.98269775
802,2/11/2024 7:00,Asia/Bangkok,67.43331301,36.58879159,43.43362522,29.78654535
803,2/12/2024 7:00,Asia/Bangkok,72.80794947,29.36458696,33.18926455,28.20488566
804,2/13/2024 7:00,Asia/Bangkok,78.88495816,40.42816195,50.55714798,27.09287371
805,2/14/2024 7:00,Asia/Bangkok,72.36470062,32.46823069,36.96529814,29.12892952
806,2/15/2024 7:00,Asia/Bangkok,73.50884182,27.51389377,30.15335913,28.69654766
807,2/16/2024 7:00,Asia/Bangkok,68.73215074,24.56376081,25.9564121,29.89829287
808,2/17/2024 7:00,Asia/Bangkok,68.07548846,27.09475167,28.60584713,30.00370581
809,2/18/2024 7:00,Asia/Bangkok,66.63686344,27.9446197,29.44514546,29.48262167
810,2/19/2024 7:00,Asia/Bangkok,68.80933788,25.89664804,27.01187151,29.54853026
811,2/20/2024 7:00,Asia/Bangkok,68.27238137,22.73743017,24.28142458,30.52305324
812,2/21/2024 7:00,Asia/Bangkok,71.83653346,25.62758375,26.96721311,30.44667029
813,2/22/2024 7:00,Asia/Bangkok,69.80467734,19.87347508,20.80306727,30.65552378
814,2/23/2024 7:00,Asia/Bangkok,69.59863686,20.57439199,21.7074392,30.47682982
815,2/24/2024 7:00,Asia/Bangkok,68.90260214,16.06831187,16.75572246,29.68679269
816,2/25/2024 7:00,Asia/Bangkok,66.45528359,14.73739496,14.99334734,30.19739536
817,2/26/2024 7:00,Asia/Bangkok,65.3203043,18.62128713,19.20579915,30.87207501
818,2/27/2024 7:00,Asia/Bangkok,68.42151834,31.8699284,34.36396181,29.91740258
819,2/28/2024 7:00,Asia/Bangkok,65.74230257,22.0264993,22.98709902,30.37349843
820,2/29/2024 7:00,Asia/Bangkok,66.20573446,29.3479021,33.97482517,30.37383613
821,3/1/2024 7:00,Asia/Bangkok,66.42222267,30.67503487,34.82182706,30.16257829
822,3/2/2024 7:00,Asia/Bangkok,68.47548499,32.5083779,37.34581105,30.17312885
823,3/3/2024 7:00,Asia/Bangkok,67.91179316,31.16993931,35.21135309,30.36782113
824,3/4/2024 7:00,Asia/Bangkok,66.89374625,28.74258807,32.05336589,30.44900102
825,3/5/2024 7:00,Asia/Bangkok,69.72519494,28.58194099,31.67827942,30.30329822
826,3/6/2024 7:00,Asia/Bangkok,67.72610626,39.72511352,50.27768075,30.81998607
827,3/7/2024 7:00,Asia/Bangkok,70.19719077,38.95350501,47.46423462,31.13583584
828,3/8/2024 7:00,Asia/Bangkok,69.32199523,41.51108688,53.20647037,30.77522577
829,3/9/2024 7:00,Asia/Bangkok,70.63794089,34.86273792,40.11090776,29.94132152
830,3/10/2024 7:00,Asia/Bangkok,71.17953033,21.77680754,23.53056235,30.14889065
831,3/11/2024 7:00,Asia/Bangkok,66.67356673,45.30802292,60.09527221,30.59388384
832,3/12/2024 7:00,Asia/Bangkok,68.17499725,44.16633267,57.06012024,29.68954491
833,3/13/2024 7:00,Asia/Bangkok,65.43344317,36.33122911,42.76383216,30.0417738
834,3/14/2024 7:00,Asia/Bangkok,63.54091747,32.26808808,36.74729116,30.68439059
835,3/15/2024 7:00,Asia/Bangkok,65.34910393,27.38969291,28.74655842,31.2729509
836,3/16/2024 7:00,Asia/Bangkok,69.24102456,32.88093575,36.96578212,30.80440912
837,3/17/2024 7:00,Asia/Bangkok,65.1084744,34.52824859,39.58615819,29.94308493
838,3/18/2024 7:00,Asia/Bangkok,67.35247614,31.93342878,36.68539728,30.27366013
839,3/19/2024 7:00,Asia/Bangkok,67.15521751,31.50894775,34.34788833,30.01906616
840,3/20/2024 7:00,Asia/Bangkok,64.81381927,28.44502986,30.53565156,30.24732118
841,3/21/2024 7:00,Asia/Bangkok,62.44555555,33.41655028,37.77723464,30.33503655
842,3/22/2024 7:00,Asia/Bangkok,62.19683649,34.5315661,38.42936868,30.49337477
843,3/23/2024 7:00,Asia/Bangkok,67.64102724,30.8022362,34.67610063,30.53365386
844,3/24/2024 7:00,Asia/Bangkok,69.26787314,31.84247293,35.70345791,30.73319861
845,3/25/2024 7:00,Asia/Bangkok,69.1938316,33.4926522,37.69804059,30.73488976
846,3/26/2024 7:00,Asia/Bangkok,68.68112271,28.86212976,31.35825106,30.60632977
847,3/27/2024 7:00,Asia/Bangkok,67.65491099,27.09518828,30.57984658,31.0441773
848,3/28/2024 7:00,Asia/Bangkok,68.33241782,21.10080223,22.30066271,31.27418646
849,3/29/2024 7:00,Asia/Bangkok,67.88103627,28.16437786,30.67374116,31.34742731
850,3/30/2024 7:00,Asia/Bangkok,67.26536137,25.60302391,28.96554149,31.64317675
851,3/31/2024 7:00,Asia/Bangkok,76.54801718,30.8832576,35.5204474,29.50322472
852,4/1/2024 7:00,Asia/Bangkok,70.74312248,27.35260528,30.58993576,30.84426491
853,4/2/2024 7:00,Asia/Bangkok,66.55332019,25.76581615,28.58091576,31.91900699
854,4/3/2024 7:00,Asia/Bangkok,65.64204866,29.62078957,32.83737776,32.53986737
855,4/4/2024 7:00,Asia/Bangkok,68.70239558,34.74037789,40.53428971,32.08284494
856,4/5/2024 7:00,Asia/Bangkok,67.76734296,42.32636428,53.96208363,32.08240425
857,4/6/2024 7:00,Asia/Bangkok,68.56252188,39.61775233,48.44846099,32.30295014
858,4/7/2024 7:00,Asia/Bangkok,66.23039262,38.13626609,45.91845494,32.03300215
859,4/8/2024 7:00,Asia/Bangkok,67.51721393,35.36757512,42.13696716,30.90651247
860,4/9/2024 7:00,Asia/Bangkok,69.82624856,22.79571481,27.0118212,31.37908512
861,4/10/2024 7:00,Asia/Bangkok,67.15705987,21.23017813,22.89311911,31.75956081
862,4/11/2024 7:00,Asia/Bangkok,64.07583771,23.07095421,24.19713387,32.22093214
863,4/12/2024 7:00,Asia/Bangkok,60.19610508,28.56361101,30.26106657,31.93025444
864,4/13/2024 7:00,Asia/Bangkok,65.56190546,32.31686662,35.00811574,31.80087837
865,4/14/2024 7:00,Asia/Bangkok,66.0526009,39.11988815,46.36420832,31.70981571
866,4/15/2024 7:00,Asia/Bangkok,67.54479459,37.89748954,45.18444909,30.82375479
867,4/16/2024 7:00,Asia/Bangkok,69.31800185,29.99860335,33.15048883,30.93204441
868,4/17/2024 7:00,Asia/Bangkok,67.58563127,26.81068809,28.82431016,30.49902505
869,4/18/2024 7:00,Asia/Bangkok,67.03291244,27.38125219,31.68765303,31.15022011
870,4/19/2024 7:00,Asia/Bangkok,64.22475203,26.89032936,29.80553609,32.1797513
871,4/20/2024 7:00,Asia/Bangkok,66.30079066,37.4139015,44.45371987,31.99779817
872,4/21/2024 7:00,Asia/Bangkok,68.98900644,36.82140275,42.92588576,31.76751727
873,4/22/2024 7:00,Asia/Bangkok,69.10105271,37.41068867,45.02797704,31.78370356
874,4/23/2024 7:00,Asia/Bangkok,70.1632944,39.32485186,47.71767166,32.34583867
875,4/24/2024 7:00,Asia/Bangkok,71.19971698,39.86932215,49.01432565,32.12477601
876,4/25/2024 7:00,Asia/Bangkok,69.98316945,34.46815287,39.85562633,32.13977952
877,4/26/2024 7:00,Asia/Bangkok,68.61417015,32.32182706,36.72419805,32.18781266
878,4/27/2024 7:00,Asia/Bangkok,68.19957833,34.98458304,40.6033637,32.88507834
879,4/28/2024 7:00,Asia/Bangkok,67.892225,31.02973845,36.03045503,33.29322035
880,4/29/2024 7:00,Asia/Bangkok,66.65443391,24.61552217,27.74141631,32.68035175
881,4/30/2024 7:00,Asia/Bangkok,68.78232551,26.32340575,27.44113525,32.86483399
882,5/1/2024 7:00,Asia/Bangkok,64.04541192,30.76997147,34.18081312,33.52586884
883,5/2/2024 7:00,Asia/Bangkok,68.34658698,41.31779958,51.91520673,32.69904456
884,5/3/2024 7:00,Asia/Bangkok,67.14036236,42.64086471,54.60529986,33.25829833
885,5/4/2024 7:00,Asia/Bangkok,66.76662213,43.61021127,56.12429577,33.03752336
886,5/5/2024 7:00,Asia/Bangkok,67.2796864,44.20534351,57.89122137,31.92135005
887,5/6/2024 7:00,Asia/Bangkok,65.89034023,44.59043132,58.17506343,32.16119117
888,5/7/2024 7:00,Asia/Bangkok,72.35095371,43.25253585,56.28436516,30.59733959
889,5/8/2024 7:00,Asia/Bangkok,72.68173377,34.95187166,43.16506239,29.88955859
890,5/9/2024 7:00,Asia/Bangkok,73.54577808,25.47105997,29.05160391,29.78709412
891,5/10/2024 7:00,Asia/Bangkok,69.50079098,20.98216159,22.33997901,31.35963394
892,5/11/2024 7:00,Asia/Bangkok,71.6554871,20.32977208,21.21794872,30.74801138
893,5/12/2024 7:00,Asia/Bangkok,72.31694549,22.17567568,25.36924763,31.11229492
894,5/13/2024 7:00,Asia/Bangkok,69.68645256,26.63257983,31.55005382,31.55702694
895,5/14/2024 7:00,Asia/Bangkok,72.74376582,22.06801535,26.83641437,30.40782598
896,5/15/2024 7:00,Asia/Bangkok,70.75596897,19.17562724,21.59354839,31.64609874
897,5/16/2024 7:00,Asia/Bangkok,67.81062756,21.72564866,23.55508294,32.52352984
898,5/17/2024 7:00,Asia/Bangkok,82.47063936,30.05640373,33.85156913,28.5545336
899,5/18/2024 7:00,Asia/Bangkok,82.20827541,27.14077316,30.20058352,28.7625162
900,5/19/2024 7:00,Asia/Bangkok,77.90216194,23.66985476,25.047113,29.97750316
901,5/20/2024 7:00,Asia/Bangkok,80.40543227,26.7629447,28.66290948,29.27582054
902,5/21/2024 7:00,Asia/Bangkok,77.5723832,14.19386332,14.69142259,29.76393526
903,5/22/2024 7:00,Asia/Bangkok,83.66708897,10.03813856,10.09062281,27.54008824
904,5/23/2024 7:00,Asia/Bangkok,75.44295621,11.4351787,11.58093903,29.519551
905,5/24/2024 7:00,Asia/Bangkok,79.71626277,16.10401136,17.01952432,28.36226697
906,5/25/2024 7:00,Asia/Bangkok,69.42371892,21.05178446,22.1196641,31.57310312
907,5/26/2024 7:00,Asia/Bangkok,71.93890194,26.11377246,28.68637725,30.49979049
908,5/27/2024 7:00,Asia/Bangkok,71.07227903,27.65024458,30.35010482,31.57708177
909,5/28/2024 7:00,Asia/Bangkok,67.39490234,26.36107143,28.50178571,32.51198873
910,5/29/2024 7:00,Asia/Bangkok,66.55330395,29.29518493,33.00104676,32.43072292
911,5/30/2024 7:00,Asia/Bangkok,68.23505306,25.11360449,26.5045582,32.40716637
912,5/31/2024 7:00,Asia/Bangkok,74.91157397,17.84217877,18.53247207,30.26389727
913,6/1/2024 7:00,Asia/Bangkok,73.22476059,9.22437478,9.786192321,29.16259628
914,6/2/2024 7:00,Asia/Bangkok,75.98371837,20.98484848,23.60966811,29.75245387
915,6/3/2024 7:00,Asia/Bangkok,82.20395565,31.4700885,36.15256637,28.53510428
916,6/4/2024 7:00,Asia/Bangkok,69.75953244,23.66351871,25.00804477,30.40125946
917,6/5/2024 7:00,Asia/Bangkok,67.02743875,16.53789731,17.0740482,31.25077407
918,6/6/2024 7:00,Asia/Bangkok,62.31068861,19.61781818,21.86690909,30.83915368
919,6/7/2024 7:00,Asia/Bangkok,61.78475297,21.56917688,25.46584939,31.12333076
920,6/8/2024 7:00,Asia/Bangkok,63.90950155,17.71443588,19.0024527,31.49156677
921,6/9/2024 7:00,Asia/Bangkok,61.22959695,17.54450262,18.45549738,31.21638297
922,6/10/2024 7:00,Asia/Bangkok,64.79351374,16.32998925,16.65173773,31.12186676
923,6/11/2024 7:00,Asia/Bangkok,75.08610033,12.12132089,12.38657574,28.56093038
924,6/12/2024 7:00,Asia/Bangkok,75.0149067,20.41264205,21.36896307,29.01893024
925,6/13/2024 7:00,Asia/Bangkok,66.07428511,14.93727853,15.52232459,31.2939345
926,6/14/2024 7:00,Asia/Bangkok,64.15712247,12.58907945,12.63913196,31.36010042
927,6/15/2024 7:00,Asia/Bangkok,65.52028978,11.2538434,11.34680014,31.71458918
928,6/16/2024 7:00,Asia/Bangkok,68.92786095,15.41762854,16.21126268,30.80462226
929,6/17/2024 7:00,Asia/Bangkok,73.22324795,16.15698086,16.66017009,29.65238585
930,6/18/2024 7:00,Asia/Bangkok,78.27610518,21.6882209,22.76966096,28.58436438
931,6/19/2024 7:00,Asia/Bangkok,68.66692866,11.73976504,11.94802421,29.88284761
932,6/20/2024 7:00,Asia/Bangkok,72.0765695,6.461705989,6.516515426,28.92838087
933,6/21/2024 7:00,Asia/Bangkok,70.66043852,9.617917847,9.97733711,28.99912833
934,6/22/2024 7:00,Asia/Bangkok,70.95577683,8.466101695,8.736919676,28.5210672
935,6/23/2024 7:00,Asia/Bangkok,80.61965004,11.2020979,11.50454545,26.66067508
936,6/24/2024 7:00,Asia/Bangkok,83.22239461,12.44033496,12.5418702,26.72162857
937,6/25/2024 7:00,Asia/Bangkok,86.5902513,19.17365479,20.21069182,26.22211513
938,6/26/2024 7:00,Asia/Bangkok,79.73750897,14.19300699,14.32797203,28.38689318
939,6/27/2024 7:00,Asia/Bangkok,70.41840676,37.07022344,45.42726858,31.46669576
940,6/28/2024 7:00,Asia/Bangkok,74.24956192,33.45584046,38.3972324,29.94877539
941,6/29/2024 7:00,Asia/Bangkok,78.55744031,26.15842972,30.58955485,28.37626138
942,6/30/2024 7:00,Asia/Bangkok,82.05059357,25.39923158,28.74467342,27.91399596
943,7/1/2024 7:00,Asia/Bangkok,79.56611822,15.04732928,16.92224476,28.03067046
944,7/6/2024 7:00,Asia/Bangkok,80.61959163,26.08944724,28.37286432,27.18913356
945,7/7/2024 7:00,Asia/Bangkok,70.86907359,19.22746331,20.47134871,29.68723622
946,7/8/2024 7:00,Asia/Bangkok,72.58586196,12.85484997,12.93475227,29.09330557
947,7/9/2024 7:00,Asia/Bangkok,79.82218709,17.04507338,17.592942,28.34482414
948,7/10/2024 7:00,Asia/Bangkok,79.33351704,23.16479663,25.66619916,28.31457186
949,7/11/2024 7:00,Asia/Bangkok,81.89440859,16.71615875,17.70871722,27.40562763
950,7/12/2024 7:00,Asia/Bangkok,84.05949535,16.55563307,18.05406348,26.68608872
951,7/13/2024 7:00,Asia/Bangkok,83.91275429,21.01878766,22.47217299,26.6154623
952,7/14/2024 7:00,Asia/Bangkok,79.70835659,12.26403907,12.40216254,27.61297801
953,7/15/2024 7:00,Asia/Bangkok,81.68609767,17.86785216,18.68723849,26.76571022
954,7/16/2024 7:00,Asia/Bangkok,79.94098673,21.53942777,24.2833217,28.21606493
955,7/17/2024 7:00,Asia/Bangkok,84.27265734,12.60730921,12.87137227,27.48093966
956,7/18/2024 7:00,Asia/Bangkok,86.70150924,16.43710471,16.60822207,25.56387775
957,7/19/2024 7:00,Asia/Bangkok,79.21442364,25.34345961,28.53538242,29.12358825
958,7/20/2024 7:00,Asia/Bangkok,74.31723831,25.97626638,28.35812965,30.32659154
959,7/21/2024 7:00,Asia/Bangkok,84.35456595,33.22319246,38.45197345,27.78214995
960,7/22/2024 7:00,Asia/Bangkok,81.61989189,35.23624595,40.90578928,28.74466261
961,7/23/2024 7:00,Asia/Bangkok,70.46503554,23.2757777,25.86822789,29.74217362
962,7/24/2024 7:00,Asia/Bangkok,72.59724776,30.68854749,34.0247905,29.8832157
963,7/25/2024 7:00,Asia/Bangkok,70.59391417,25.41415557,27.38437281,30.06750398
964,7/26/2024 7:00,Asia/Bangkok,63.99286418,12.35122411,12.44868173,31.85998488
965,7/27/2024 7:00,Asia/Bangkok,77.27135595,31.83655706,38.09332689,29.89432356
966,7/28/2024 7:00,Asia/Bangkok,83.01124319,40.59636236,50.24623994,28.28537113
967,7/29/2024 7:00,Asia/Bangkok,86.41679615,31.39527504,35.01798307,26.23343016
968,7/30/2024 7:00,Asia/Bangkok,81.72011091,23.50663408,24.92493017,27.32697508
969,7/31/2024 7:00,Asia/Bangkok,79.31843413,21.52167832,24.29230769,28.65078133
970,8/1/2024 7:00,Asia/Bangkok,78.52029525,20.96124302,22.55307263,28.80938762
971,8/2/2024 7:00,Asia/Bangkok,78.52711101,26.96818182,29.71503497,28.5828562
972,8/3/2024 7:00,Asia/Bangkok,77.9648475,25.03940028,27.06276151,28.69703713
973,8/4/2024 7:00,Asia/Bangkok,76.64618929,25.36845778,28.09525471,29.19871366
974,8/5/2024 7:00,Asia/Bangkok,84.03359704,20.15239852,21.37712177,26.99398184
975,8/6/2024 7:00,Asia/Bangkok,77.40443064,17.53279833,18.25122121,28.20317353
976,8/7/2024 7:00,Asia/Bangkok,79.48853264,16.12982833,16.3962804,27.91651549
977,8/8/2024 7:00,Asia/Bangkok,80.41476378,16.35203904,16.85291042,28.1670529
978,8/9/2024 7:00,Asia/Bangkok,76.94415878,16.84655715,17.20447396,29.37956385
979,8/10/2024 7:00,Asia/Bangkok,80.97187382,17.51796303,18.0941751,28.01305748
980,8/11/2024 7:00,Asia/Bangkok,81.51959495,20.24345093,21.65944813,28.08446019
981,8/12/2024 7:00,Asia/Bangkok,79.38055322,14.81038689,15.07354479,28.72976379
982,8/13/2024 7:00,Asia/Bangkok,73.63792473,12.1540077,12.8260413,29.35729195
983,8/14/2024 7:00,Asia/Bangkok,71.08811861,15.1163522,15.78686233,30.593391
984,8/15/2024 7:00,Asia/Bangkok,75.95854875,24.15231788,26.01185082,29.32374879
985,8/16/2024 7:00,Asia/Bangkok,76.71968432,15.07518532,15.8958701,29.8847935
986,8/17/2024 7:00,Asia/Bangkok,79.31259988,9.823466476,10.09664765,28.91535428
987,8/18/2024 7:00,Asia/Bangkok,78.95713707,24.26187151,25.78282123,29.31917073
988,8/19/2024 7:00,Asia/Bangkok,79.08471959,15.08798883,16.09078212,28.51282569
989,8/20/2024 7:00,Asia/Bangkok,76.55441434,10.45441844,10.52706951,29.67722426
990,8/21/2024 7:00,Asia/Bangkok,71.54432125,15.54461099,16.78265525,29.53231711
991,8/22/2024 7:00,Asia/Bangkok,72.27093258,18.32798885,19.36667829,29.83018843
992,8/23/2024 7:00,Asia/Bangkok,77.58944179,21.55586592,24.64699721,28.87379541
993,8/24/2024 7:00,Asia/Bangkok,77.84756967,26.53210049,28.55059316,29.03871415
994,8/25/2024 7:00,Asia/Bangkok,77.71546402,13.2993007,13.33811189,28.42610989
995,8/26/2024 7:00,Asia/Bangkok,76.12950145,15.7745583,16.37385159,28.03589817
996,8/27/2024 7:00,Asia/Bangkok,80.54133187,14.66841187,14.95671902,27.70366808
997,8/28/2024 7:00,Asia/Bangkok,83.38542856,13.19902405,13.40013942,27.27779543
998,8/29/2024 7:00,Asia/Bangkok,83.13833154,7.951601423,7.983274021,26.6231083
999,8/30/2024 7:00,Asia/Bangkok,83.54668652,19.79356663,21.11664899,27.26729736
1000,8/31/2024 7:00,Asia/Bangkok,77.92324409,26.10952215,30.71712592,29.21328265
1001,9/1/2024 7:00,Asia/Bangkok,68.647374,13.8119986,14.92082316,29.88816598
1002,9/2/2024 7:00,Asia/Bangkok,71.58870111,13.3117338,13.65394046,29.20214786
1003,9/3/2024 7:00,Asia/Bangkok,86.20964518,14.3483621,14.76012681,26.06786357
1004,9/4/2024 7:00,Asia/Bangkok,82.2725313,12.50891297,12.64033555,27.4559484
1005,9/5/2024 7:00,Asia/Bangkok,75.92926201,11.42432035,11.81704629,28.05654522
1006,9/6/2024 7:00,Asia/Bangkok,83.00628533,9.903901734,10.00433526,27.21768634
1007,9/7/2024 7:00,Asia/Bangkok,79.18891845,9.26681128,9.436731743,28.32121318
1008,9/8/2024 7:00,Asia/Bangkok,80.29652402,8.654143258,8.667134831,28.38824669
1009,9/9/2024 7:00,Asia/Bangkok,75.81645604,8.431155408,8.483573274,28.99324864
1010,9/10/2024 7:00,Asia/Bangkok,71.7106907,14.54659686,15.06876091,29.5204265
1011,9/11/2024 7:00,Asia/Bangkok,68.28374892,12.10868801,12.26978544,29.82499163
1012,9/12/2024 7:00,Asia/Bangkok,72.12937139,17.05310971,17.48357792,29.45431161
1013,9/13/2024 7:00,Asia/Bangkok,80.79970518,21.16666667,21.94177127,28.13092416
1014,9/14/2024 7:00,Asia/Bangkok,83.06203951,17.15577534,17.59201696,27.26546482
1015,9/15/2024 7:00,Asia/Bangkok,79.76155661,10.95748419,11.13492621,27.57329365
1016,9/16/2024 7:00,Asia/Bangkok,86.12184928,12.59371691,12.85527709,25.94327618
1017,9/17/2024 7:00,Asia/Bangkok,85.68308238,11.46678322,11.80559441,26.52323431
1018,9/18/2024 7:00,Asia/Bangkok,80.11513129,15.30188679,15.33997205,27.63527232
1019,9/19/2024 7:00,Asia/Bangkok,78.66514252,12.9707113,13.07775453,27.31732197
1020,9/20/2024 7:00,Asia/Bangkok,86.22458324,14.19616056,14.60104712,26.45279338
1021,9/21/2024 7:00,Asia/Bangkok,84.3505008,15.80167891,16.03287863,26.74523997
1022,9/22/2024 7:00,Asia/Bangkok,81.6509616,16.3400838,16.42877095,27.6469518
1023,9/23/2024 7:00,Asia/Bangkok,72.36659749,11.31442751,11.44558667,29.61264055
1024,9/24/2024 7:00,Asia/Bangkok,81.07370156,20.45143256,22.0349406,28.16287033
1025,9/25/2024 7:00,Asia/Bangkok,80.99238088,22.41748252,24.32377622,27.76245947
1026,9/26/2024 7:00,Asia/Bangkok,72.27692648,22.2378454,24.22385449,29.996844
1027,9/27/2024 7:00,Asia/Bangkok,77.68393517,27.82528011,31.03571429,28.60834354
1028,9/28/2024 7:00,Asia/Bangkok,76.7915504,19.48148148,20.50104822,29.34788165
1029,9/29/2024 7:00,Asia/Bangkok,77.89635048,28.09567039,31.83973464,28.35902603
1030,9/30/2024 7:00,Asia/Bangkok,71.7360579,24.81201413,28.23462898,30.41160689
1031,10/1/2024 7:00,Asia/Bangkok,75.01568833,14.2357268,14.87565674,28.89658689
1032,10/2/2024 7:00,Asia/Bangkok,74.15620076,10.77093772,10.8614889,29.65233458
1033,10/3/2024 7:00,Asia/Bangkok,77.35168477,7.694661922,7.736298932,29.41078236
1034,10/4/2024 7:00,Asia/Bangkok,79.74558326,15.75723753,16.18939658,28.32248365
1035,10/5/2024 7:00,Asia/Bangkok,83.57141073,23.18325712,25.08476961,27.90467127
1036,10/6/2024 7:00,Asia/Bangkok,87.15965687,18.04542278,19.06429071,26.87041886
1037,10/7/2024 7:00,Asia/Bangkok,88.76571209,20.03329273,21.3361754,25.68402153
1038,10/8/2024 7:00,Asia/Bangkok,80.20157551,19.79037321,21.3439135,28.88592501
1039,10/9/2024 7:00,Asia/Bangkok,82.43930186,22.02059337,23.46282723,27.62734856
1040,10/10/2024 7:00,Asia/Bangkok,79.82822432,29.33145474,35.05459669,28.26406831
1041,10/11/2024 7:00,Asia/Bangkok,77.9275664,24.73347324,28.74116824,28.75362893
1042,10/12/2024 7:00,Asia/Bangkok,84.38151959,24.3067899,25.88197654,27.37288505
1043,10/13/2024 7:00,Asia/Bangkok,86.00775113,14.0045582,14.1700561,27.0947219
1044,10/14/2024 7:00,Asia/Bangkok,89.10709791,23.53009915,24.18484419,26.85460607
1045,10/15/2024 7:00,Asia/Bangkok,81.04287692,20.19267016,23.19546248,28.40017062
1046,10/16/2024 7:00,Asia/Bangkok,83.15464066,15.99651325,16.30857741,27.76419778
1047,10/17/2024 7:00,Asia/Bangkok,79.06776089,20.7541958,22.00174825,28.87476366
1048,10/18/2024 7:00,Asia/Bangkok,80.10818423,18.63756983,19.38163408,27.86949844
1049,10/19/2024 7:00,Asia/Bangkok,82.26945123,11.51877011,11.58670004,26.92901426
1050,10/20/2024 7:00,Asia/Bangkok,80.34856646,10.83658713,11.10809834,27.08062122
1051,10/21/2024 7:00,Asia/Bangkok,77.10074691,16.72930492,17.60426126,28.79998008
1052,10/22/2024 7:00,Asia/Bangkok,68.10225534,21.77030324,22.9700244,29.61386191
1053,10/23/2024 7:00,Asia/Bangkok,65.94552572,16.28556449,16.85075149,30.14578843
1054,10/24/2024 7:00,Asia/Bangkok,80.23941911,20.93438045,21.48516579,27.28906897
1055,10/25/2024 7:00,Asia/Bangkok,84.78423668,21.44395443,23.10363837,26.12122587
1056,10/26/2024 7:00,Asia/Bangkok,76.82203069,12.6049744,12.79005121,27.64603973
1057,10/27/2024 7:00,Asia/Bangkok,79.07357749,15.12531239,15.39735809,28.19749588
1058,10/28/2024 7:00,Asia/Bangkok,76.77688445,15.03006993,15.25629371,28.87191658
1059,10/29/2024 7:00,Asia/Bangkok,78.27284725,21.04059301,21.67737381,29.02149401
1060,10/30/2024 7:00,Asia/Bangkok,83.09781582,26.86871508,28.76117318,27.50176283
1061,10/31/2024 7:00,Asia/Bangkok,81.9178349,28.59100418,31.2695258,27.74262454
1062,11/1/2024 7:00,Asia/Bangkok,77.40792995,27.2904463,29.13145049,28.69438309
1063,11/2/2024 7:00,Asia/Bangkok,76.21329325,21.57841425,22.61508907,28.81479176
1064,11/3/2024 7:00,Asia/Bangkok,75.97191409,23.79880827,25.18822292,28.90296732
1065,11/4/2024 7:00,Asia/Bangkok,79.50938819,15.54370629,16.3465035,28.26671746
1066,11/5/2024 7:00,Asia/Bangkok,87.27443302,15.35451624,16.00714031,26.2620853
1067,11/6/2024 7:00,Asia/Bangkok,82.89004465,13.05172414,14.33673469,26.75820148
1068,11/7/2024 7:00,Asia/Bangkok,85.42906555,11.38779378,11.5166793,26.78429727
1069,11/8/2024 7:00,Asia/Bangkok,81.17002186,15.73743017,16.04828412,27.85459996
1070,11/9/2024 7:00,Asia/Bangkok,79.71917155,12.907239,13.18152055,27.73794624
1071,11/10/2024 7:00,Asia/Bangkok,88.6137508,12.94434534,13.59186586,25.82298772
1072,11/11/2024 7:00,Asia/Bangkok,84.37409207,13.02306886,13.3180706,26.8931699
1073,11/12/2024 7:00,Asia/Bangkok,78.35749048,17.15352697,18.03941909,28.83352546
1074,11/13/2024 7:00,Asia/Bangkok,82.61652362,33.23370523,38.83558426,27.64038524
1075,11/14/2024 7:00,Asia/Bangkok,75.22001807,48.89853556,64.57112971,29.59755198
1076,11/15/2024 7:00,Asia/Bangkok,67.27042802,43.2052506,54.61515513,31.77564617
1077,11/16/2024 7:00,Asia/Bangkok,72.39284379,29.81618294,32.36983289,29.55209547
1078,11/17/2024 7:00,Asia/Bangkok,75.40059692,25.09527145,27.23152364,29.38670705
1079,11/18/2024 7:00,Asia/Bangkok,74.22500963,21.6381323,23.32224973,29.71369978
1080,11/19/2024 7:00,Asia/Bangkok,79.0648011,23.99616457,25.77440725,28.51919629
1081,11/20/2024 7:00,Asia/Bangkok,72.60958239,21.42140119,22.00871384,29.51248268
1082,11/21/2024 7:00,Asia/Bangkok,80.51033418,16.72321117,17.10820244,28.0312241
1083,11/22/2024 7:00,Asia/Bangkok,89.91734654,17.21827057,18.04951185,25.89016771
1084,11/23/2024 7:00,Asia/Bangkok,86.34190173,13.85637919,14.38667142,26.38336523
1085,11/24/2024 7:00,Asia/Bangkok,88.20506492,13.1763471,13.36144157,26.28806983
1086,11/25/2024 7:00,Asia/Bangkok,87.34049026,14.4347067,14.53142458,26.88595181
1087,11/26/2024 7:00,Asia/Bangkok,88.99720734,16.59251487,17.30010493,26.40007984
1088,11/27/2024 7:00,Asia/Bangkok,85.36541064,24.60285914,25.36227336,27.23645254
1089,11/28/2024 7:00,Asia/Bangkok,82.83895242,18.94275742,19.98010471,28.01294796
1090,11/29/2024 7:00,Asia/Bangkok,89.96430091,14.98814918,15.49320321,25.76319701
1091,11/30/2024 7:00,Asia/Bangkok,74.18913371,13.20734266,13.26013986,28.10236694
1092,12/1/2024 7:00,Asia/Bangkok,83.77172929,28.09005236,30.00802792,26.71059606
1093,12/2/2024 7:00,Asia/Bangkok,81.76037903,40.47419805,49.83089261,27.09936663
1094,12/3/2024 7:00,Asia/Bangkok,80.03490315,56.80900838,80.67702514,28.14042092
1095,12/4/2024 7:00,Asia/Bangkok,78.49407541,59.45933682,84.00767888,28.06297557
1096,12/5/2024 7:00,Asia/Bangkok,81.06009387,56.62696472,79.714635,28.29326581
1097,12/6/2024 7:00,Asia/Bangkok,89.60971697,39.54545455,48.46657234,26.6602225
1098,12/7/2024 7:00,Asia/Bangkok,78.32897796,12.4582897,12.53228621,28.51836497
1099,12/8/2024 7:00,Asia/Bangkok,82.40542134,24.04259777,24.58798883,28.20022696
1100,12/9/2024 7:00,Asia/Bangkok,79.75659596,18.00837989,19.46717877,28.13708292
1101,12/10/2024 7:00,Asia/Bangkok,87.65475033,15.17556719,15.50017452,26.56412009
1102,12/11/2024 7:00,Asia/Bangkok,82.11540976,36.29905561,44.06365862,27.631351
1103,12/12/2024 7:00,Asia/Bangkok,73.16165624,37.62364841,47.80327869,28.69324137
1104,12/13/2024 7:00,Asia/Bangkok,92.07277059,12.80851825,13.88618468,25.30852415
1105,12/14/2024 7:00,Asia/Bangkok,92.62179289,7.502461189,8.005301022,25.20471642
1106,12/15/2024 7:00,Asia/Bangkok,91.98417524,5.556623932,5.607549858,24.83320236
1107,12/16/2024 7:00,Asia/Bangkok,89.63527726,7.765886288,7.806763285,26.0203558
1108,12/17/2024 7:00,Asia/Bangkok,90.86006481,11.28675666,12.50273623,25.06176806
1109,12/18/2024 7:00,Asia/Bangkok,85.47827469,26.3681453,29.68075445,26.17774401
1110,12/19/2024 7:00,Asia/Bangkok,78.64125437,28.38019732,30.44855532,27.61964236
1111,12/20/2024 7:00,Asia/Bangkok,78.45515822,26.42200212,28.02511496,27.40144221
1112,12/21/2024 7:00,Asia/Bangkok,73.79427848,34.23919916,39.45697225,27.53264717
1113,12/22/2024 7:00,Asia/Bangkok,72.7716373,29.75801953,32.32601116,28.21620187
1114,12/23/2024 7:00,Asia/Bangkok,70.34518253,23.46051712,23.80048917,27.82370526
1115,12/24/2024 7:00,Asia/Bangkok,72.39115618,38.50628492,47.45705307,26.08144374
1116,12/25/2024 7:00,Asia/Bangkok,73.27609514,35.82391911,43.44037657,27.10945866
1117,12/26/2024 7:00,Asia/Bangkok,76.73531923,38.09170153,47.013947,27.50158314
1118,12/27/2024 7:00,Asia/Bangkok,78.53923095,41.11359664,50.79972038,27.64845435
1119,12/28/2024 7:00,Asia/Bangkok,84.39953615,16.43846154,18.00594406,27.11709617
1120,12/29/2024 7:00,Asia/Bangkok,87.76846153,7.123168179,7.225750174,25.63611814
1121,12/30/2024 7:00,Asia/Bangkok,84.87050829,11.08235712,11.17287895,26.13114324
1122,12/31/2024 7:00,Asia/Bangkok,78.5490441,29.51535241,32.27285415,27.61050182
1123,1/1/2025 7:00,Asia/Bangkok,75.44097134,46.08874913,60.32494759,27.19744914
1124,1/2/2025 7:00,Asia/Bangkok,78.79030695,33.32522686,36.8722323,26.73925234
1125,1/3/2025 7:00,Asia/Bangkok,78.10442422,41.22191011,51.65554775,27.36345742
1126,1/4/2025 7:00,Asia/Bangkok,77.29570532,45.75453278,60.17189679,27.71177768
1127,1/5/2025 7:00,Asia/Bangkok,84.77505022,27.46773631,32.73840251,26.41818379
1128,1/6/2025 7:00,Asia/Bangkok,85.9251033,33.25752274,37.91427572,25.45568395
1129,1/7/2025 7:00,Asia/Bangkok,73.35045391,41.14141061,51.73114525,27.09492826
1130,1/8/2025 7:00,Asia/Bangkok,73.44963151,38.0804073,45.83883427,28.02216247
1131,1/9/2025 7:00,Asia/Bangkok,71.76014053,37.90290089,45.73851732,28.48227437
1132,1/10/2025 7:00,Asia/Bangkok,74.01869597,39.91701534,48.81903766,28.38007374
1133,1/11/2025 7:00,Asia/Bangkok,73.40777543,28.92012557,31.89012905,28.05222972
1134,1/12/2025 7:00,Asia/Bangkok,76.96469085,30.04916318,31.78661088,26.64056614
1135,1/13/2025 7:00,Asia/Bangkok,75.72071772,30.59232112,32.43769634,24.85779851
1136,1/14/2025 7:00,Asia/Bangkok,69.81591178,33.31358638,36.9900674,26.1523635
1137,1/15/2025 7:00,Asia/Bangkok,75.25466613,50.67260035,68.89842932,25.85508142
1138,1/16/2025 7:00,Asia/Bangkok,75.41330986,49.52131377,69.35324948,27.09596387
1139,1/17/2025 7:00,Asia/Bangkok,87.50348074,22.81970483,26.44515357,25.693401
1140,1/18/2025 7:00,Asia/Bangkok,85.72202912,33.08406725,35.96397118,25.3267266
1141,1/19/2025 7:00,Asia/Bangkok,78.30417537,40.63530655,50.54580691,25.56612044
1142,1/20/2025 7:00,Asia/Bangkok,76.30916682,49.68402656,67.31876966,26.90181407
1143,1/21/2025 7:00,Asia/Bangkok,77.95734618,55.94265734,78.58671329,27.26357267
1144,1/22/2025 7:00,Asia/Bangkok,77.77501091,43.88808924,55.70744872,27.5240319
1145,1/23/2025 7:00,Asia/Bangkok,72.02635782,40.57701711,50.48934684,28.00513724
1146,1/24/2025 7:00,Asia/Bangkok,71.43595673,44.3766928,57.32287954,28.6870631
1147,1/25/2025 7:00,Asia/Bangkok,78.00560323,41.808726,53.47678883,28.31714623
1148,1/26/2025 7:00,Asia/Bangkok,76.76637952,42.70090846,55.10866527,28.58686089
1149,1/27/2025 7:00,Asia/Bangkok,75.31471471,27.72018188,31.71213711,28.54072125
1150,1/28/2025 7:00,Asia/Bangkok,69.65785125,28.65836549,29.7958611,29.12334673
1151,1/29/2025 7:00,Asia/Bangkok,72.19549904,25.83647141,26.7583682,28.4433043
1152,1/30/2025 7:00,Asia/Bangkok,70.81775743,34.60202655,39.86862334,27.65120911
1153,1/31/2025 7:00,Asia/Bangkok,68.36192484,33.96700143,38.00645624,27.17403548
1154,2/1/2025 7:00,Asia/Bangkok,73.12715378,39.95467225,50.50383543,26.53819646
1155,2/2/2025 7:00,Asia/Bangkok,74.5736122,43.73871983,57.11437566,26.57826269
1156,2/3/2025 7:00,Asia/Bangkok,66.78304981,53.79162304,77.53158813,27.42875924
1157,2/4/2025 7:00,Asia/Bangkok,71.84442179,33.42454161,40.26657264,27.53145535
1158,2/5/2025 7:00,Asia/Bangkok,70.57561825,29.34290718,32.33204904,27.67682152
1159,2/6/2025 7:00,Asia/Bangkok,70.85385372,28.15333566,30.45721271,28.15022013
1160,2/7/2025 7:00,Asia/Bangkok,72.05375794,27.86436541,31.14051604,28.1861643
1161,2/8/2025 7:00,Asia/Bangkok,72.75927401,33.92388268,38.07053073,28.10489436
1162,2/9/2025 7:00,Asia/Bangkok,69.85065913,32.64783227,36.4424307,28.23186653
1163,2/10/2025 7:00,Asia/Bangkok,69.59871233,32.85669014,36.14330986,28.33831328
1164,2/11/2025 7:00,Asia/Bangkok,71.71398857,34.0383263,37.94655415,28.02981265
1165,2/11/2025 11:12,Asia/Bangkok,73.61117438,40.64759036,49.62048193,27.21403076
